{
    // 属性詳細のヘッダーに表示するボタン一覧。
    "buttonsArray": [
        // トグルコマンドは利用できないことに注意
        // ボタンの活性・不活性は確認しないことに注意
        // UIの配置上指定できるボタン数は最大で4つ程度なことに注意
        {
            "id": "ifx.parts.attributesetdialog.ModuleInitialize.MOVEMAP",
            "name": "IfxCommon.表示",
            "svgId": "sprite-base-showmap-icon",
            "svgClass": "icon-size-md-sm icon-color-white",
            "imgFont": ""
        }
    ],
    // 閉じるボタンを表示するか。
    "displayClose": true
}