{
  "pulldown": [
  // 属性一覧のconfig.jsonのshowGraphをfalseにするときはグラフ主題図解除,グラフ絞込解除のメニューをなくしてください。
  {
    "id": "ifx.parts.attributesetlist.AttributeSetList.graphThemeRelease",
    "name": "ifx_parts_attributesetlist.グラフ主題図解除"
  },
  {
    "id": "ifx.parts.attributesetlist.AttributeSetList.graphNarrowRelease",
    "name": "ifx_parts_attributesetlist.グラフ絞込解除"
  },
  {
    "id": "ifx.parts.attributesetlist.AttributeSetList.columnWidthAdjust",
    "name": "ifx_parts_attributesetlist.列幅調整"
  },
  {
    "id": "ifx.parts.attributesetlist.AttributeSetList.attributeSearch",
    "name": "ifx_parts_attributesetlist.属性検索"
  },
  {
    "id": "ifx.parts.attributesetlist.AttributeSetList.attributeAdd",
    "name": "ifx_parts_attributesetlist.属性追加"
  },
  {
    "id": "ifx.parts.attributesetlist.AttributeSetList.attributeRemove",
    "name": "ifx_parts_attributesetlist.属性削除"
  },
  {
    "id": "ifx.parts.attributesetlist.AttributeSetList.csvOutput",
    "name": "ifx_parts_attributesetlist.CSV出力"
  },
  {
    "id": "ifx.parts.attributesetmanager.AttributesetManager.attributeEdit",
    "name": "ifx_parts_attributesetlist.属性変更"
  },
  {
    "id": "ifx.parts.layerlist.GearmenuModule",
    "name": "ifx_parts_layerlist.ギアメニュー表示",
    // ツールチップに表示する内容。設定がない場合はnameの値を表示する。
    "caption": "ifx_parts_layerlist.選択中のレイヤのギアメニューを表示します"
  }
],
  "iconlist": [
    {
      "id": "ifx.parts.attributesetlist.AttributeSetList.SHOW_EXPRESSION",
      "name": "ifx_parts_attributesetlist.計算列設定",
      "svgId": "sprite-base-fx-icon",
      "svgClass": "icon-size-md icon-color-primary-light"
    },
    {
      "id": "ifx.parts.attributesetlist.AttributeSetList.LAYER_SELECT",
      "name": "ifx_parts_attributesetlist.レイヤ選択",
      "imgFont": "icon-layer",
      "imgSrc": ""
    },
    {
      "id": "ifx.parts.attributesetlist.AttributeSetList.LIST_RELOAD",
      "name": "ifx_parts_attributesetlist.再読込",
      "caption": "ifx_parts_attributesetlist.選択中のレイヤの再読込を行います",
      "imgFont": "svgicon-loop-primary-light-lg",
      "imgSrc": ""
    }
  ]
}