{
  "contextmenuonattrsetlist":
  {
    "numList": // 値が空でない数値型の属性値が対象
    [
      {
        "id": "ifx.parts.attributesetlist.equalFilter",
        "name": "ifx_parts_attributesetlist.～と等しい"
      },
      {
        "id": "ifx.parts.attributesetlist.lessThanOrEqualsFilter",
        "name": "ifx_parts_attributesetlist.～以下"
      },
      {
        "id": "ifx.parts.attributesetlist.moreThanOrEqualsFilter",
        "name": "ifx_parts_attributesetlist.～以上"
      },
      {
        "id": "ifx.parts.attributesetlist.lessThanFilter",
        "name": "ifx_parts_attributesetlist.～未満"
      },
      {
        "id": "ifx.parts.attributesetlist.moreThanFilter",
        "name": "ifx_parts_attributesetlist.～より大きい"
      },
      {
        "id": "ifx.parts.attributesetlist.deleteFilter",
        "name": "ifx_parts_attributesetlist.フィルタを削除"
      }
    ],
    "dateList": // 値が空でない日付・時刻・タイムスタンプ型の属性値が対象
    [
      {
        "id": "ifx.parts.attributesetlist.equalFilter",
        "name": "ifx_parts_attributesetlist.～と等しい"
      },
      {
        "id": "ifx.parts.attributesetlist.lessThanOrEqualsFilter",
        "name": "ifx_parts_attributesetlist.～以前"
      },
      {
        "id": "ifx.parts.attributesetlist.moreThanOrEqualsFilter",
        "name": "ifx_parts_attributesetlist.～以後"
      },
      {
        "id": "ifx.parts.attributesetlist.lessThanFilter",
        "name": "ifx_parts_attributesetlist.～より前"
      },
      {
        "id": "ifx.parts.attributesetlist.moreThanFilter",
        "name": "ifx_parts_attributesetlist.～より後"
      },
      {
        "id": "ifx.parts.attributesetlist.deleteFilter",
        "name": "ifx_parts_attributesetlist.フィルタを削除"
      }
    ],
    "strList": // 値が空でない文字列型の属性値が対象
    [
      {
        "id": "ifx.parts.attributesetlist.equalFilter",
        "name": "ifx_parts_attributesetlist.～と等しい"
      },
      {
        "id": "ifx.parts.attributesetlist.includesFilter",
        "name": "ifx_parts_attributesetlist.～を含む"
      },
      {
        "id": "ifx.parts.attributesetlist.startsWithFilter",
        "name": "ifx_parts_attributesetlist.～で始まる"
      },
      {
        "id": "ifx.parts.attributesetlist.endsWithFilter",
        "name": "ifx_parts_attributesetlist.～で終わる"
      },
      {
        "id": "ifx.parts.attributesetlist.deleteFilter",
        "name": "ifx_parts_attributesetlist.フィルタを削除"
      }
    ],
    "boolList": // 値が空でないブール型、バイナリ型の属性値が対象
    [
      {
        "id": "ifx.parts.attributesetlist.equalFilter",
        "name": "ifx_parts_attributesetlist.～と等しい"
      },
      {
        "id": "ifx.parts.attributesetlist.deleteFilter",
        "name": "ifx_parts_attributesetlist.フィルタを削除"
      }
    ],
    "emptyList": // 値が空の属性値が対象
    [
      {
        "id": "ifx.parts.attributesetlist.emptyFilter",
        "name": "ifx_parts_attributesetlist.値が空である"
      },
      {
        "id": "ifx.parts.attributesetlist.deleteFilter",
        "name": "ifx_parts_attributesetlist.フィルタを削除"
      }
    ]
  }
}