[
{
  "id": "ifx.parts.rectangleselect.RectangleSelect",
  "name": "ifx_parts_rectangleselect.範囲選択",
  "hidden": false,
  "disabled": false,
  "imgFont": "icon-rect_slct",
  "imgFile": "",
  //captionの設定がある場合、ツールチップにcaptionの値が表示。ない場合はnameの値を表示する。
  "caption": "ifx_parts_rectangleselect.選択した2点から生成した矩形内の図形を選択します"
},
{
  "id": "ifx.parts.layer.AllDeselectItem",
  "name": "ifx_parts_layer.選択解除",
  "hidden": false,
  "disabled": false,
  "imgFont": "glyphicon glyphicon-unchecked",
  "imgFile": ""
},
{
  "id": "ifx.parts.attributesetdialog.AttributeSetDialog.panel",
  "name": "ifx_parts_attributesetdialog.属性詳細",
  "hidden": false,
  "disabled": false,
  "imgFont": "glyphicon glyphicon icon-attr",
  "imgFile": ""
},
{
  "id": "ifx.parts.layer.ChangeItemSelectMode",
  "name": "ifx_parts_layer.通常選択モード",
  "hidden": false,
  "disabled": false,
  "type": "toggle",
  "imgFont": "icon-tsujousentaku",
  "imgFile": "",
  "caption": "ifx_parts_layer.選択モードを切り替えます",
  "data":
  {
    "on":
    {
      "name": "ifx_parts_layer.追加選択モード",
      "imgFont": "icon-tsuikasentaku",
      "imgFile": ""
    },
    "off":
    {
      "name": "ifx_parts_layer.通常選択モード",
      "imgFont": "icon-tsujousentaku",
      "imgFile": ""
    }
  }
},
{
  "id": "ifx.parts.style.DefaultStyle",
  "name": "ifx_parts_style.標準スタイル",
  "hidden": false,
  "disabled": false,
  "imgFont": "icon-draw_dflt"
}
// ,{
//   "id": "ifx.parts.dtssavemgr.DtsSaveMgrBatchSend",
//   "name": "ifx_parts_dtssavemgr.全ての地図の変更を共有",
//   "hidden": false,
//   "disabled": true,
//   "svgId": "sprite-base-share-icon",
//   "svgClass": "icon-size-sm icon-color-secondary-base",
//   "imgFile": ""
// }
]