[
  // datauri_imageSet.jsonの出力時にImageset.json指定の画像が 255 * 255 に収まらないとき、または"forceResize":trueの指定があるときにリサイズ処理をする。そうでなければリサイズ処理をしない。
  // "ignoreResize":trueの指定がある場合,他の指定にかかわらずリサイズ処理をしない(forceResizeの指定も無視される)
  // ・リサイズ処理をする場合→
  //     ■sizeの指定がない→
  //     initParam.json の "imageset.defaultResizedSizeWhenMaxSizeOver"
  //     を1辺とする正方形に収まるようにリサイズ
  //     ■sizeの指定がある→
  //     縦横比は事前に正しく設定されていてもいなくても、255を超えない範囲で大きい方を1辺とする正方形に収まるようにリサイズ
  //     例:
  //     sizeが[128, 96]の指定 → [128,128]に収まるようにリサイズ
  //     sizeが[300, 128]の指定 → [255,255]に収まるようにリサイズ
  {
    "category": "symbol",
    "images": [
      {
        "category": "事案",
        "images": [
          {
            "key": "101",
            "name": "火災",
            "src": "symbol/gyomu/target_101.png"
          },
          {
            "key": "103",
            "name": "救急",
            "src": "symbol/gyomu/target_103.png"
          },
          {
            "key": "105",
            "name": "救助",
            "src": "symbol/gyomu/target_105.png"
          },
          {
            "key": "107",
            "name": "警戒",
            "src": "symbol/gyomu/target_107.png"
          },
          {
            "key": "115",
            "name": "調査",
            "src": "symbol/gyomu/target_115.png"
          },
          {
            "key": "201",
            "name": "バルーン",
            "src": "symbol/gyomu/target_201.png"
          }
        ]
      },
      {
        "category": "水利",
        "images": [
          {
            "key": "16",
            "name": "消火栓（９９ｍｍ以下）",
            "src": "symbol/gyomu/target_016.png"
          },
          {
            "key": "17",
            "name": "消火栓（１００～１４９ｍｍ）",
            "src": "symbol/gyomu/target_017.png"
          },
          {
            "key": "18",
            "name": "消火栓（１５０ｍｍ以上）",
            "src": "symbol/gyomu/target_018.png"
          },
          {
            "key": "19",
            "name": "防火水槽（無蓋）４０ｔ未満",
            "src": "symbol/gyomu/target_019.png"
          },
          {
            "key": "20",
            "name": "防火水槽（無蓋）４０～１００ｔ未満",
            "src": "symbol/gyomu/target_020.png"
          },
          {
            "key": "21",
            "name": "防火水槽（無蓋）１００ｔ以上",
            "src": "symbol/gyomu/target_021.png"
          },
          {
            "key": "22",
            "name": "防火水槽（有蓋）４０ｔ未満",
            "src": "symbol/gyomu/target_022.png"
          },
          {
            "key": "23",
            "name": "防火水槽（有蓋）４０～１００ｔ未満",
            "src": "symbol/gyomu/target_023.png"
          },
          {
            "key": "24",
            "name": "防火水槽（有蓋）１００ｔ以上",
            "src": "symbol/gyomu/target_024.png"
          },
          {
            "key": "25",
            "name": "防火水槽（耐震）４０～１００ｔ未満",
            "src": "symbol/gyomu/target_025.png"
          },
          {
            "key": "26",
            "name": "防火水槽（耐震）１００ｔ以上",
            "src": "symbol/gyomu/target_026.png"
          },
          {
            "key": "28",
            "name": "その他水利",
            "src": "symbol/gyomu/target_028.png"
          },
          {
            "key": "29",
            "name": "防火水槽（飲料水兼用）１００ｔ以上",
            "src": "symbol/gyomu/target_029.png"
          },
          {
            "key": "30",
            "name": "私設消火栓",
            "src": "symbol/gyomu/target_030.png"
          },
          {
            "key": "31",
            "name": "私設防火水槽",
            "src": "symbol/gyomu/target_031.png"
          },
          {
            "key": "32",
            "name": "連結送水管",
            "src": "symbol/gyomu/target_032.png"
          },
          {
            "key": "33",
            "name": "プール",
            "src": "symbol/gyomu/target_033.png"
          },
          {
            "key": "40",
            "name": "調査済",
            "src": "symbol/gyomu/target_040.png"
          },
          {
            "key": "41",
            "name": "消火栓（耐震）（９９ｍｍ以下）",
            "src": "symbol/gyomu/target_041.png"
          },
          {
            "key": "42",
            "name": "消火栓（耐震）（１００～１４９ｍｍ）",
            "src": "symbol/gyomu/target_042.png"
          },
          {
            "key": "43",
            "name": "消火栓（耐震）（１５０ｍｍ以上）",
            "src": "symbol/gyomu/target_043.png"
          },
          {
            "key": "44",
            "name": "私設消火栓（耐震）",
            "src": "symbol/gyomu/target_044.png"
          }
        ]
      },
      {
        "category": "目標物",
        "images": [
          {
            "key": "87",
            "name": "病院",
            "src": "symbol/gyomu/target_087.png"
          }
        ]
      },
      {
        "category": "車両",
        "images": [
          {
            "key": "4000",
            "name": "ポンプ",
            "src": "symbol/gyomu/car_040_00.png"
          },
          {
            "key": "4100",
            "name": "化学車",
            "src": "symbol/gyomu/car_041_00.png"
          },
          {
            "key": "4200",
            "name": "水槽車",
            "src": "symbol/gyomu/car_042_00.png"
          },
          {
            "key": "4300",
            "name": "はしご車",
            "src": "symbol/gyomu/car_043_00.png"
          },
          {
            "key": "4400",
            "name": "救助車",
            "src": "symbol/gyomu/car_044_00.png"
          },
          {
            "key": "4500",
            "name": "指揮車",
            "src": "symbol/gyomu/car_045_00.png"
          },
          {
            "key": "4600",
            "name": "空中作業車",
            "src": "symbol/gyomu/car_046_00.png"
          },
          {
            "key": "4700",
            "name": "資機材搬送車",
            "src": "symbol/gyomu/car_047_00.png"
          },
          {
            "key": "4800",
            "name": "照明車",
            "src": "symbol/gyomu/car_048_00.png"
          },
          {
            "key": "4900",
            "name": "救急車",
            "src": "symbol/gyomu/car_049_00.png"
          },
          {
            "key": "5000",
            "name": "その他車両",
            "src": "symbol/gyomu/car_050_00.png"
          },
          {
            "key": "5100",
            "name": "FMMS",
            "src": "symbol/gyomu/car_051_00.png"
          }
        ]
      },
      {
        "category": "届出",
        "images": [
          {
            "key": "39",
            "name": "不能水利",
            "src": "symbol/gyomu/target_039.png"
          }
        ]
      },
      {
        "category": "その他",
        "images": [
          {
            "key": "tentative",
            "name": "仮",
            "src": "symbol/gyomu/1901.bmp"
          },
          {
            "key": "1",
            "name": "デフォルト",
            "src": "symbol/symbol1.png",
            "size": [32, 32]
          }
        ]
      }
    ]
  },
  {
    "category": "GPS",
    "images": [
      {
        "key": "7",
        "name": "GPS",
        "src": "symbol/gps_current.png"
      }
    ]
  },
  {
    "category": "menubar",
    "images": [
      {
        "key": "jsBaseLogo",
        "name": "jsBaseLogo",
        "src": "symbol/menubar/jsBaseLogo.png"
      },
      {
        "key": "gcJsBaseLogo",
        "name": "gcJsBaseLogo",
        "src": "symbol/menubar/gcJsBaseLogo.png"
      }
    ]
  },
  {
    "category": "attributeset",
    "images": [
      {
        "key": "attributeset_edit",
        "name": "属性編集",
        "src": "symbol/attributeset/edit.png"
      },
      {
        "key": "attributeset_movemap",
        "name": "中心表示",
        "src": "symbol/attributeset/map.png"
      }
    ]
  }
]