{
  "serverParam": {
    "db": {
      "dbList": [
        {
          "dbConf": {
            "dbName": "oracleDb",
            "dbms": "ORACLE", // ORACLE/POSTGRESQL/MYSQL/MSSQL/H2
            "dbDriver": "oracle.jdbc.driver.OracleDriver",
            "dbUrl": "jdbc:oracle:thin:@10.21.132.167:1521/orclpdb.takatsuki",
            "dbUser": "WEBGIS",
            "dbPass": "WEBGIS",
            "maxPoolSize": 20,
            "maxWaitTime": 10000 //ミリ秒
          }
        }
      ]
    },
    //WMTSサーブレットの定義（パスは、コンテキストルートからの相対パス（"."で開始）か、絶対パスを指定）
    "wmts": {
      "modelRootPath": "./data/bgmap"
    },
    "buildinginfo": {
      "gcmPath": "D:/WebGIS/maps/0/buildingInfo.gcm"
    }
  }
}