[
{
  "id": "ifx.parts.layer.ChangeItemSelectMode",
  "data":
  {
    "defaultToggle":
    {
      "touchPanel": false,
      "pc": false
    }
  }
},
{
  "id": "ifx.parts.alongline.AlonglineHorizontal",
  "data":
  {
    "defaultToggle":
    {
      "touchPanel": false,
      "pc": false
    }
  }
},
{
  "id": "ifx.parts.alongline.AlonglineVertical",
  "data":
  {
    "defaultToggle":
    {
      "touchPanel": false,
      "pc": false
    }
  }
},{
  "id": "ifx.parts.togglelayout.ToggleLayout",
  "data":
  {
    "defaultToggle":
    {
      "touchPanel": false,
      "pc": false
    }
  }
},{
  "id": "ifx.parts.stopsleep.StopsleepModule",
  "data":
  {
    "defaultToggle":
    {
      "touchPanel": false,
      "pc": false
    }
  }
},{
  "id": "ifx.parts.searchpanel.SearchPanel",
  "data":
  {
    "defaultToggle":
    {
      "touchPanel": false,
      "pc": false
    }
  }
},{
  "id": "ifx.parts.symbolstyleeasyedit.SymbolStyleEasyEditModule.NAME",
  "data":
  {
    "defaultToggle":
    {
      "touchPanel": false,
      "pc": false
    }
  }
},{
  "id": "ifx.parts.symbolstyleeasyedit.SymbolStyleEasyEditModule.ID",
  "data":
  {
    "defaultToggle":
    {
      "touchPanel": false,
      "pc": false
    }
  }
},{
  "id": "ifx.parts.symbolstyleeasyedit.SymbolStyleEasyEditModule.CURRENT",
  "data":
  {
    "defaultToggle":
    {
      "touchPanel": false,
      "pc": false
    }
  }
},
{
  "id": "ifx.parts.stream.StreamViewModule_TOGGLE_RECODE",
  "data":
  {
      "defaultToggle":
      {
      "touchPanel": false,
      "pc": false
      }
  }
},
{
  "id": "ifx.parts.zzztogglesample.ZzzToggleSampleModule",
  "data":
  {
    "defaultToggle":
    {
      "touchPanel": false,
      "pc": false
    }
  }
},
{
  "id": "ifx.parts.sampletripmode.TripModeModule_TripTime",
  "data":
  {
    "defaultToggle":
    {
      "touchPanel": false,
      "pc": false
    }
  }
}]