<?xml version="1.0" encoding="UTF-8"?>

<!-- For assistance related to logback-translator or configuration  -->
<!-- files in general, please contact the logback user mailing list -->
<!-- at http://www.qos.ch/mailman/listinfo/logback-user             -->
<!--                                                                -->
<!-- For professional support please see                            -->
<!--    http://www.qos.ch/shop/products/professionalSupport         -->
<!--                                                                -->
<configuration>
  <appender name="stdout" class="ch.qos.logback.core.ConsoleAppender">
    <!-- Tests run on modern PCs show that buffering related property -->
    <!-- "ImmediateFlush" has negligible impact and will be ignored.  -->
    <encoder>
      <pattern>[%5p] %d{yy/MM/dd HH:mm:ss.SSS} [%t] %m%n</pattern>
    </encoder>
  </appender>
  <appender name="file" class="ch.qos.logback.core.rolling.RollingFileAppender">
    <!--See also http://logback.qos.ch/manual/appenders.html#RollingFileAppender-->
    <File>${catalina.base}/logs/stdout_jsbase.log</File>
    <Append>true</Append>
    <encoder>
      <pattern>[%5p] %d{yy/MM/dd HH:mm:ss.SSS} [%t] %m [%C{1}]%n</pattern>
    </encoder>
    <rollingPolicy class="ch.qos.logback.core.rolling.FixedWindowRollingPolicy">
      <maxIndex>128</maxIndex>
      <FileNamePattern>${catalina.base}/logs/stdout_jsbase.log.%i</FileNamePattern>
    </rollingPolicy>
    <triggeringPolicy class="ch.qos.logback.core.rolling.SizeBasedTriggeringPolicy">
      <MaxFileSize>10MB</MaxFileSize>
    </triggeringPolicy>
  </appender>
  <logger name="jp.co.informatix.geocloud.webservice" level="warn">
    <appender-ref ref="stdout"/>
    <appender-ref ref="file"/>
  </logger>
  <root level="info">
    <appender-ref ref="stdout"/>
    <appender-ref ref="file"/>
  </root>
</configuration>