[
{
  "id": "SearchCategory",
  "name": "ifx_parts_mainmenu.検索",
  "hidden": false,
  "disabled": false,
  "imgFont": "icon-search",
  // captionの設定がある場合、ツールチップに設定した値が表示されます。
  "caption": "ifx_parts_mainmenu.各種検索機能の一覧です",
  "children": [
  {
    "id": "ifx.parts.searchpanel.SearchPanel",
    "name": "IfxCommon.検索",
    "hidden": false,
    "disabled": false,
    "type": "toggle",
    "imgFont": "icon-search",
    "imgFile": "",
    "data":
    {
      "on":
       {
        "name": "IfxCommon.検索",
        "imgFont": "icon-search",
        "imgFile": ""
      },
      "off":
      {
        "name": "IfxCommon.検索",
        "imgFont": "icon-search",
        "imgFile": ""
      }
    }
  },
  {
    "id": "ifx.parts.buildinginfo.BuildingInfoSearch",
    "name": "ifx_parts_buildinginfo.建物情報",
    "hidden": false,
    "disabled": false,
    "imgFont": "icon-tatemono-joho"
  }
]
},
{
  "id": "DrawingCategory",
  "name": "ifx_parts_mainmenu.図形",
  "hidden": false,
  "disabled": false,
  "imgFont": "icon-gmtry",
  "children": [
  {
    "id": "ifx.parts.style.DefaultStyle",
    "name": "ifx_parts_style.標準スタイル",
    "hidden": false,
    "disabled": false,
    "imgFont": "icon-draw_dflt"
  },
  {
    "id": "ifx.parts.drawtoolbox.DrawToolBox",
    "name": "ifx_parts_drawtoolbox.作図・編集ツール",
    "hidden": false,
    "disabled": true,
    "imgFont": "icon-drawing"
  }]
},
{
  "id": "MeasureCategory",
  "name": "ifx_parts_mainmenu.計測",
  "hidden": false,
  "disabled": false,
  "imgFont": "icon-measur",
  "children": [
  {
    "id": "ifx.parts.measure.LineLength",
    "name": "ifx_parts_measure.距離",
    "hidden": false,
    "disabled": false,
    "imgFont": "icon-msr_dist"
  },
  {
    "id": "ifx.parts.measure.PolygonArea",
    "name": "ifx_parts_measure.面積",
    "hidden": false,
    "disabled": true,
    "imgFont": "icon-msr_area"
  },
  {
    "id": "ifx.parts.measure.PointLatLon",
    "name": "ifx_parts_measure.緯度経度",
    "hidden": false,
    "disabled": true,
    "imgFont": "icon-msr_lat"
  },
  {
    "id": "ifx.parts.measure.SelectedGeometry",
    "name": "ifx_parts_measure.図形計測",
    "hidden": true,
    "disabled": true,
    "imgFont": "icon-msr_geo"
  }]
},
{
  "id": "LayerCategory",
  "name": "ifx_parts_mainmenu.レイヤ",
  "hidden": false,
  "disabled": false,
  "svgId": "sprite-base-file-open-icon",
  "svgClass": "icon-size-sm",
  "children": [
  {
    "id": "ifx.parts.excelimport.ExcelImport",
    "name": "ifx_parts_excelimport.EXCEL取込",
    "hidden": false,
    "disabled": false,
    "imgFont": "icon-schema",
    "imgFile": ""
  },
  {
    "id": "ifx.parts.gcwdmgr.LoadGcwd",
    "name": "ifx_parts_gcwdmgr.読み込み",
    "hidden": false,
    "disabled": false,
    "svgId": "sprite-base-import-icon",
    "svgClass": "icon-size-sm",
    "imgFile": ""
  },
  {
    "id": "ifx.parts.exprcol.ExprColSettingsModule",
    "name": "ifx_parts_exprcol.計算列設定",
    "hidden": false,
    "disabled": false,
    "svgId": "sprite-base-fx-icon",
    "svgClass": "icon-size-sm",
    "imgFont": "",
    "imgFile": ""
  },
  {
    "id": "ifx.parts.mapsetrewriting.ChangeLayerViewLevelModule",
    "name": "ifx_parts_mapsetrewriting.ズームレベル変更",
    "hidden": false,
    "disabled": false,
    "svgId": "sprite-base-wrench-icon",
    "svgClass": "icon-size-sm",
    "imgFile": ""
  },
  {
    "id": "FilterCategory",
    "name": "ifx_parts_mainmenu.フィルター",
    "hidden": false,
    "disabled": false,
    "imgFont": "icon-filter",
    "imgFile": "",
    "children": [
      {
        "id": "ifx.parts.valuefilter.ValueFilterSelect",
        "name": "ifx_parts_valuefilter.値フィルタ",
        "hidden": false,
        "disabled": false,
        "imgFont": "icon-filter",
        "imgFile": ""
      },
      {
        "id": "ifx.parts.locusfilter.LocusFilterSelect",
        "name": "ifx_parts_locusfilter.領域フィルタ",
        "hidden": false,
        "disabled": false,
        "imgFont": "icon-filter",
        "imgFile": ""
      },
      {
        "id": "ifx.parts.featurefilter.FeatureFilterSelect",
        "name": "ifx_parts_featurefilter.地物フィルタ",
        "hidden": false,
        "disabled": false,
        "imgFont": "icon-filter",
        "imgFile": ""
      }
    ]
  },
  {
    "id": "ThemeAndAnnotationCategory",
    "name": "ifx_parts_mainmenu.主題図・注記",
    "hidden": false,
    "disabled": false,
    "imgFont": "icon-theme",
    "imgFile": "",
    "children": [{
      "id": "ifx.parts.individualvaluetheme.IndividualValueThemeSelect",
      "name": "ifx_parts_individualvaluetheme.個別値主題図",
      "hidden": false,
      "disabled": false,
      "imgFont": "icon-theme",
      "imgFile": ""
    },
    {
      "id": "ifx.parts.rangetheme.RangeThemeSelect",
      "name": "ifx_parts_rangetheme.レンジ主題図",
      "hidden": false,
      "disabled": false,
      "imgFont": "icon-theme",
      "imgFile": ""
    },
    {
      "id": "ifx.parts.labelannotation.LabelAnnotationSelect",
      "name": "ifx_parts_labelannotation.ラベル注記",
      "hidden": false,
      "disabled": false,
      "imgFont": "icon-annotation",
      "imgFile": ""
    },
    {
      "id": "ifx.parts.overridestyletheme.OverrideStyleThemeSelect",
      "name": "ifx_parts_overridestyletheme.優先スタイル主題図",
      "hidden": false,
      "disabled": false,
      "imgFont": "icon-theme",
      "imgFile": ""
    }]
  },
  {
    "id": "ifx.parts.layernodeschemamgr.LayerNodeSchemaSaver",
    "name": "ifx_parts_layernodeschemamgr.スキーマ保存",
    "hidden": false,
    "disabled": false,
    "imgFont": "icon-schema",
    "imgFile": ""
  },
  {
    "id": "ifx.parts.layernodeschemamgr.LayerNodeSchemaLoader",
    "name": "ifx_parts_layernodeschemamgr.スキーマ取込",
    "hidden": false,
    "disabled": false,
    "imgFont": "icon-schema",
    "imgFile": ""
  },
  {
    "id": "ifx.parts.shapemem.ShapeInMemoryModule",
    "name": "ifx_parts_shapemem.shapeファイル読み込み",
    "hidden": false,
    "disabled": false,
    "svgId": "sprite-base-import-icon",
    "svgClass": "icon-size-sm",
    "imgFile": ""
  },{
    "id": "ifx.parts.changelayertransparency.ChangeLayerTransparencyModuleLayerSelection",
    "name": "ifx_parts_changelayertransparency.レイヤ透過度変更",
    "hidden": false,
    "disabled": false,
    "svgId": "sprite-base-wrench-icon",
    "svgClass": "icon-size-sm"
  }]
},
{
  "id": "ExportCategory",
  "name": "ifx_parts_mainmenu.出力",
  "hidden": false,
  "disabled": false,
  "imgFont": "icon-output",
  "imgFile": "",
  "children": [
  {
    "id": "ifx.parts.saveasimage.SaveAsImage",
    "name": "ifx_parts_saveasimage.画像",
    "hidden": false,
    "disabled": false,
    "imgFont": "icon-op_pict",
    "imgFile": ""
  },
  {
    "id": "ifx.parts.gcwdmgr.SaveGcwd",
    "name": "ifx_parts_gcwdmgr.ファイルに保存",
    "hidden": false,
    "disabled": false,
    "svgId": "sprite-base-download-icon",
    "svgClass": "icon-size-sm",
    "imgFile": ""
  }
]
},
{
  "id": "SettingCategory",
  "name": "ifx_parts_mainmenu.設定",
  "hidden": false,
  "disabled": false,
  "imgFont": "icon-setteigamen",
  "imgFile": "",
  "children": [
    {
      "id": "ifx.parts.configpanel.ConfigPanel",
      "name": "ifx_parts_configpanel.設定",
      "hidden": false,
      "disabled": false,
      "imgFont": "icon-setteigamen",
      "imgFile": ""
    },
    {
      "id": "ifx.parts.applogoutput.AppLogOutputDialog",
      "name": "ifx_parts_applogoutput.ログ出力",
      "hidden": false,
      "disabled": false,
      "imgFont": "icon-log_output",
      "imgFile": ""
    },
    {
      "id": "ifx.parts.regsymbol.RegistModule",
      "name": "ifx_parts_regsymbol.ユーザシンボル追加",
      "hidden": false,
      "disabled": false,
      "svgId": "sprite-base-wrench-icon",
      "svgClass": "icon-size-sm",
      "imgFile": ""
    }
  ]
},
// {
//   "id": "ifx.parts.pdfdisplay.PdfDisplay",
//   "name": "ifx_parts_pdfdisplay.マニュアル",
//   "hidden": false,
//   "disabled": false,
//   "svgId": "sprite-base-manual-icon",
//   "svgClass": "icon-size-sm",
//   "imgFile": "",
//   "data": {
//     "url": "manual.html",
//     // cordovaアプリ上でのファイルパス。
//     // @applicationDirectory@などの表記はinitParam.jsonのdefaultReadFilePathCodeと同じルール。
//     "cordovaFilePath": "@applicationDirectory@www/manual.pdf"
//   }
// },
{
  "id": "ifx.parts.logout.LogoutExecute",
  "name": "ifx_parts_logout.ログアウト",
  "hidden": false,
  "disabled": false,
  "imgFont": "icon-logout",
  "imgFile": ""
}]