{
  "commandDefault": [
  {
    "id": "ifx.parts.valuefilter.ValueFilter",
    "hidden": false,
    "customizerType": "filter",
    "customizerClass": "ValueFilter"
  },
  {
    "id": "ifx.parts.locusfilter.LocusFilter",
    "hidden": false,
    "customizerType": "filter",
    "customizerClass": "LocusFilter"
  },
  {
    "id": "ifx.parts.individualvaluetheme.IndividualValueTheme",
    "hidden": false,
    "customizerType": "theme",
    "customizerClass": "IndividualValueTheme"
  },
  {
    "id": "ifx.parts.rangetheme.RangeTheme",
    "hidden": false,
    "customizerType": "theme",
    "customizerClass": "RangeTheme"
  },
  {
    "id": "ifx.parts.labelannotation.LabelAnnotation",
    "hidden": false,
    "customizerType": "annotation",
    "customizerClass": "LabelAnnotation"
  },
  {
    "id": "ifx.parts.overridestyletheme.OverrideStyleTheme",
    "hidden": false,
    "customizerType": "theme",
    "customizerClass": "OverrideStyleTheme"
  },
  {
    "id": "ifx.parts.attributesetlist.AttributeSetList.panel",
    "hidden": false
  },
  {
    "id": "ifx.parts.attributesetlist.AttributeSetList.dialog",
    "hidden": false
  },
  {
    "id": "ifx.parts.dbsearch.Search",
    "hidden": false
  },
  {
    "id": "ifx.parts.dbsearch.ReSearch",
    "hidden": false
  }],
  "contextMenuSettings":
  {
    "mapset": [
    {
      "text": "既定の表示位置に移動"
    },
    {
      "separator": true
    },
    {
      "text": "リロード"
    },
    {
      "text": "ファイルを読み込む"
    },
    {
      "text": "ファイルに保存する"
    },
    {
      "separator": true
    },
    {
      "text": "全て表示",
      "customValidator$": "@inProgress"
    },
    {
      "text": "全て非表示",
      "customValidator$": "@inProgress"
    },
    {
      "separator": true
    },
    {
      "text": "フォルダ追加",
      "icon": "icon-folder icon-color-blue"
    },
    {
      "text": "レイヤ追加",
      "icon": "icon-layer icon-color-blue"
    },
    {
      "text": "ビュー追加",
      "icon": "icon-view icon-color-blue"
    },
    {
      "separator": true
    },
    {
      "text": "名前の変更"
    }],
    "view": [
    {
      "text": "地図を移動"
    },
    {
      "separator": true
    },
    {
      "text": "並べ替え",
      "customValidator$": "@inProgress"
    },
    {
      "separator": true
    },
    {
      "text": "名前の変更"
    },
    {
      "text": "削除"
    }],
    "model": [
    {
      "text": "並べ替え",
      "customValidator$": "@inProgress"
    },
    {
      "text": "名前の変更",
      "disabled": true
    },
    {
      "text": "削除"
    }],
    "folder": [
    {
      "text": "全て表示",
      "customValidator$": "@inProgress"
    },
    {
      "text": "全て非表示",
      "customValidator$": "@inProgress"
    },
    {
      "separator": true
    },
    {
      "text": "並べ替え",
      "customValidator$": "@inProgress"
    },
    {
      "separator": true
    },
    {
      "text": "フォルダ追加",
      "icon": "icon-folder icon-color-blue"
    },
    {
      "text": "レイヤ追加",
      "icon": "icon-layer icon-color-blue"
    },
    {
      "text": "ビュー追加",
      "icon": "icon-view icon-color-blue"
    },
    {
      "separator": true
    },
    {
      "text": "名前の変更"
    },
    {
      "text": "削除"
    }],
    "layer": [
    {
      "customRender$": "@layerStatus"
    },
    {
      "separator": true
    },
    {
      "text": "並べ替え",
      "customValidator$": "@inProgress"
    },
    {
      "separator": true
    },
    {
      "text": "属性一覧",
      "commandId": "ifx.parts.attributesetlist.AttributeSetList.panel"
    },
    {
      "separator": true
    },
    {
      "text": "値フィルタ",
      "icon": "icon-filter icon-color-blue",
      "commandId": "ifx.parts.valuefilter.ValueFilter",
      "commandType": "Add"
    },
    {
      "text": "領域フィルタ",
      "icon": "icon-filter icon-color-blue",
      "commandId": "ifx.parts.locusfilter.LocusFilter",
      "commandType": "Add"
    },
    {
      "text": "個別値主題図",
      "icon": "icon-theme icon-color-blue",
      "commandId": "ifx.parts.individualvaluetheme.IndividualValueTheme",
      "commandType": "Add"
    },
    {
      "text": "レンジ主題図",
      "icon": "icon-theme icon-color-blue",
      "commandId": "ifx.parts.rangetheme.RangeTheme",
      "commandType": "Add"
    },
    {
      "text": "優先スタイル主題図",
      "icon": "icon-theme icon-color-blue",
      "commandId": "ifx.parts.overridestyletheme.OverrideStyleTheme",
      "commandType": "Add"
    },
    {
      "text": "ラベル注記",
      "icon": "icon-annotation icon-color-blue",
      "commandId": "ifx.parts.labelannotation.LabelAnnotation",
      "commandType": "Add"
    },
    {
      "separator": true
    },
    {
      "text": "名前の変更"
    },
    {
      "text": "削除"
    }],
    "bglayer": [
    {
      "customRender$": "@layerStatus"
    },
    {
      "separator": true
    },
    {
      "text": "並べ替え",
      "customValidator$": "@inProgress"
    },
    {
      "separator": true
    },
    {
      "text": "名前の変更"
    },
    {
      "text": "削除"
    }],
    "dblayer": [
    {
      "customRender$": "@layerStatus"
    },
    {
      "separator": true
    },
    {
      "text": "並べ替え",
      "customValidator$": "@inProgress"
    },
    {
      "separator": true
    },
    {
      "text": "データベース検索（再設定）",
      "commandId": "ifx.parts.dbsearch.Search",
      "commandType": "Edit"
    },
    {
      "text": "データベース検索（再検索）",
      "commandId": "ifx.parts.dbsearch.ReSearch",
      "commandType": "Edit"
    },
    {
      "separator": true
    },
    {
      "text": "属性一覧",
      "commandId": "ifx.parts.attributesetlist.AttributeSetList.panel"
    },
    {
      "separator": true
    },
    {
      "text": "値フィルタ",
      "icon": "icon-filter icon-color-blue",
      "commandId": "ifx.parts.valuefilter.ValueFilter",
      "commandType": "Add"
    },
    {
      "text": "領域フィルタ",
      "icon": "icon-filter icon-color-blue",
      "commandId": "ifx.parts.locusfilter.LocusFilter",
      "commandType": "Add"
    },
    {
      "text": "個別値主題図",
      "icon": "icon-theme icon-color-blue",
      "commandId": "ifx.parts.individualvaluetheme.IndividualValueTheme",
      "commandType": "Add"
    },
    {
      "text": "レンジ主題図",
      "icon": "icon-theme icon-color-blue",
      "commandId": "ifx.parts.rangetheme.RangeTheme",
      "commandType": "Add"
    },
    {
      "text": "優先スタイル主題図",
      "icon": "icon-theme icon-color-blue",
      "commandId": "ifx.parts.overridestyletheme.OverrideStyleTheme",
      "commandType": "Add"
    },
    {
      "text": "ラベル注記",
      "icon": "icon-annotation icon-color-blue",
      "commandId": "ifx.parts.labelannotation.LabelAnnotation",
      "commandType": "Add"
    },
    {
      "separator": true
    },
    {
      "text": "名前の変更"
    },
    {
      "text": "削除"
    }],
    "filter": [
    {
      "text": "設定",
      "commandType": "Edit"
    },
    {
      "separator": true
    },
    {
      "text": "並べ替え",
      "customValidator$": "@inProgress"
    },
    {
      "separator": true
    },
    {
      "text": "名前の変更"
    },
    {
      "text": "削除"
    }],
    "theme": [
    {
      "text": "設定",
      "commandType": "Edit"
    },
    {
      "separator": true
    },
    {
      "text": "並べ替え",
      "customValidator$": "@inProgress"
    },
    {
      "separator": true
    },
    {
      "text": "名前の変更"
    },
    {
      "text": "削除"
    }],
    "annotation": [
    {
      "text": "設定",
      "commandType": "Edit"
    },
    {
      "separator": true
    },
    {
      "text": "並べ替え",
      "customValidator$": "@inProgress"
    },
    {
      "separator": true
    },
    {
      "text": "名前の変更"
    },
    {
      "text": "削除"
    }]
  }
}