{
  "contextMenuSettings":
  {
    "mapset":
    {
      "default": [
      {
        "text": "ifx_cmn_mapsetui.既定の表示位置に移動",
        "commandId": "ifx.cmn.mapset.MOVE_TO_DEFAULT_VIEW",
        "icon": "svgicon-movedefault-primary-light-xl",
        // ツールチップに表示する内容。設定が無い場合textの値を表示する。
        "caption": "ifx_cmn_mapsetui.既定の表示位置に地図を移動させます",
        "layerlistOption":
        {
          "type": "button",
          "group": "ifx_cmn_mapsetui.基本機能",
          "order": 1
        }
      },
      {
        "separator": true
      },
      {
        "text": "ifx_cmn_mapsetui.リロード",
        "commandId": "ifx.cmn.mapset.RELOAD",
        "icon": "glyphicon glyphicon-refresh",
        "layerlistOption":
        {
          "type": "button",
          "group": "ifx_cmn_mapsetui.基本機能",
          "order": 1
        }
      },
      {
        "text": "ifx_cmn_mapsetui.ファイルを読み込む",
        "commandId": "ifx.cmn.mapset.READ_FILE",
        "icon": "svgicon-download-primary-light-xl",
        "layerlistOption":
        {
          "type": "button",
          "group": "ifx_cmn_mapsetui.基本機能",
          "order": 1
        }
      },
      {
        "text": "ifx_cmn_mapsetui.ファイルに保存する",
        "commandId": "ifx.cmn.mapset.SAVE_FILE",
        "icon": "svgicon-upload-primary-light-xl",
        "layerlistOption":
        {
          "type": "button",
          "group": "ifx_cmn_mapsetui.基本機能",
          "order": 1
        }
      },
      {
        "text": "ifx_parts_gcwdmgr.読み込み",
        "commandId": "ifx.parts.gcwdmgr.LoadGcwd",
        "svgId": "sprite-base-import-icon",
        "svgClass": "icon-size-md-lg  icon-color-primary-light",
        "icon": "",
        "layerlistOption":
        {
          "type": "button",
          "group": "ifx_cmn_mapsetui.基本機能",
          "order": 1
        }
      },
      {
        "separator": true
      },
      {
        "text": "ifx_cmn_mapsetui.全て表示",
        "commandId": "ifx.cmn.mapset.SHOW_ALL",
        "icon": "svgicon-eyeplus-primary-light-xl",
        "layerlistOption":
        {
          "type": "button",
          "group": "ifx_cmn_mapsetui.基本機能",
          "order": 1
        }
      },
      {
        "text": "ifx_cmn_mapsetui.全て非表示",
        "commandId": "ifx.cmn.mapset.HIDE_ALL",
        "icon": "svgicon-eyeminus-primary-light-xl",
        "layerlistOption":
        {
          "type": "button",
          "group": "ifx_cmn_mapsetui.基本機能",
          "order": 1
        }
      },
      {
        "text": "ifx_parts_changedefaultview.現在の位置を既定の表示位置に設定",
        "commandId": "ifx.parts.changedefaultview.ChangeDefaultViewModule",
        "svgId": "sprite-base-wrench-icon",
        "svgClass": "icon-size-md-lg  icon-color-primary-light",
        "icon": "",
        "layerlistOption":
        {
          "type": "button",
          "group": "ifx_cmn_mapsetui.基本機能",
          "order": 1
        }
      },
      {
        "text": "ifx_parts_mapsetrewriting.ズームレベル変更",
        "commandId": "ifx.parts.mapsetrewriting.ChangeMapsetViewLevelModule",
        "svgId": "sprite-base-wrench-icon",
        "svgClass": "icon-size-md-lg  icon-color-primary-light",
        "icon": "",
        "layerlistOption":
        {
          "type": "button",
          "group": "ifx_cmn_mapsetui.基本機能",
          "order": 1
        }
      },
      {
        "text": "ifx_cmn_mapsetui.ファイルからビューを読み込む",
        "commandId": "ifx.parts.readnodejson.ReadViewNode",
        "icon": "svgicon-download-primary-light-xl",
        "layerlistOption":
        {
          "type": "button",
          "group": "ifx_cmn_mapsetui.基本機能",
          "order": 1
        }
      },
      {
        "separator": true
      },
      {
        "text": "ifx_cmn_mapsetui.フォルダ追加",
        "commandId": "ifx.cmn.mapset.ADD_FOLDER",
        "icon": "icon-folder-close icon-color-blue",
        "layerlistOption":
        {
          "type": "button",
          "group": "ifx_cmn_mapsetui.追加",
          "order": 1
        }
      },
      // {
      //   "text": "ifx_cmn_mapsetui.フォルダ追加(排他モード)",
      //   "commandId": "ifx.cmn.mapset.ADD_FOLDER_EXCLUSIVE",
      //   "icon": "icon-folder-close icon-color-blue",
      //   "layerlistOption":
      //   {
      //     "type": "button",
      //     "group": "ifx_cmn_mapsetui.追加",
      //     "order": 1
      //   }
      // },
      {
        "text": "ifx_cmn_mapsetui.レイヤ追加",
        "commandId": "ifx.cmn.mapset.ADD_LAYER",
        "icon": "icon-layer icon-color-blue",
        "layerlistOption":
        {
          "type": "button",
          "group": "ifx_cmn_mapsetui.追加",
          "order": 1
        }
      },
      {
        "text": "ifx_cmn_mapsetui.ビュー追加",
        "commandId": "ifx.cmn.mapset.ADD_VIEW",
        "icon": "icon-view icon-color-blue",
        "layerlistOption":
        {
          "type": "button",
          "group": "ifx_cmn_mapsetui.追加",
          "order": 1
        }
      },
      {
        "separator": true
      },
      {
        "text": "ifx_cmn_mapsetui.名前の変更",
        "commandId": "ifx.cmn.mapset.RENAME"
      }]
    },
    "view":
    {
      "default": [
      {
        "text": "ifx_cmn_mapsetui.地図を移動",
        "commandId": "ifx.cmn.mapset.MOVE_MAP",
        "icon": "svgicon-moveto-primary-light-xl",
        "layerlistOption":
        {
          "type": "button",
          "group": "ifx_cmn_mapsetui.基本機能",
          "order": 1
        }
      },
      {
        "separator": true
      },
      {
        "text": "ifx_cmn_mapsetui.並べ替え",
        "commandId": "ifx.cmn.mapset.SORT"
      },
      {
        "separator": true
      },
      {
        "text": "ifx_cmn_mapsetui.名前の変更",
        "commandId": "ifx.cmn.mapset.RENAME"
      },
      {
        "text": "ifx_cmn_mapsetui.削除",
        "commandId": "ifx.cmn.mapset.REMOVE",
        "icon": "svgicon-trash-primary-light-xl",
        "layerlistOption":
        {
          "type": "button",
          "group": "ifx_cmn_mapsetui.基本機能",
          "order": 1
        }
      },
      {
        "text": "ifx_cmn_mapsetui.ファイルに保存する",
        "commandId": "ifx.parts.savenodejson.SaveViewNode",
        "icon": "svgicon-upload-primary-light-xl",
        "layerlistOption":
        {
          "type": "button",
          "group": "ifx_cmn_mapsetui.基本機能",
          "order": 1
        }
      }]
    },
    "folder":
    {
      "default": [
      {
        "text": "ifx_cmn_mapsetui.全て表示",
        "commandId": "ifx.cmn.mapset.SHOW_ALL",
        "icon": "svgicon-eyeplus-primary-light-xl",
        "layerlistOption":
        {
          "type": "button",
          "group": "ifx_cmn_mapsetui.基本機能",
          "order": 1
        }
      },
      {
        "text": "ifx_cmn_mapsetui.全て非表示",
        "commandId": "ifx.cmn.mapset.HIDE_ALL",
        "icon": "svgicon-eyeminus-primary-light-xl",
        "layerlistOption":
        {
          "type": "button",
          "group": "ifx_cmn_mapsetui.基本機能",
          "order": 2
        }
      },
      {
        "separator": true
      },
      {
        "text": "ifx_cmn_mapsetui.並べ替え",
        "commandId": "ifx.cmn.mapset.SORT"
      },
      {
        "separator": true
      },
      {
        "text": "ifx_cmn_mapsetui.フォルダ追加",
        "commandId": "ifx.cmn.mapset.ADD_FOLDER",
        "icon": "icon-folder icon-color-blue"
      },
      {
        "text": "ifx_cmn_mapsetui.レイヤ追加",
        "commandId": "ifx.cmn.mapset.ADD_LAYER",
        "icon": "icon-layer icon-color-blue",
        "layerlistOption":
        {
          "type": "button",
          "group": "ifx_cmn_mapsetui.追加",
          "order": 3
        }
      },
      {
        "text": "ifx_cmn_mapsetui.ビュー追加",
        "commandId": "ifx.cmn.mapset.ADD_VIEW",
        "icon": "icon-view icon-color-blue",
        "layerlistOption":
        {
          "type": "button",
          "group": "ifx_cmn_mapsetui.追加",
          "order": 4
        }
      },
      {
        "separator": true
      },
      {
        "text": "ifx_cmn_mapsetui.名前の変更",
        "commandId": "ifx.cmn.mapset.RENAME"
      },
      {
        "text": "ifx_cmn_mapsetui.削除",
        "commandId": "ifx.cmn.mapset.REMOVE",
        "icon": "svgicon-trash-primary-light-xl",
        "layerlistOption":
        {
          "type": "button",
          "group": "ifx_cmn_mapsetui.基本機能",
          "order": 5
        }
      },
      {
        "text": "ifx_cmn_mapsetui.ファイルからビューを読み込む",
        "commandId": "ifx.parts.readnodejson.ReadViewNode",
        "icon": "svgicon-download-primary-light-xl",
        "layerlistOption":
        {
          "type": "button",
          "group": "ifx_cmn_mapsetui.基本機能",
          "order": 5
        }
      }],
      "toggle": [
        {
          "text": "ifx_cmn_mapsetui.全て非表示",
          "commandId": "ifx.cmn.mapset.HIDE_ALL",
          "icon": "svgicon-eyeminus-primary-light-xl",
          "layerlistOption":
          {
            "type": "button",
            "group": "ifx_cmn_mapsetui.基本機能",
            "order": 2
          }
        },
        {
          "separator": true
        },
        {
          "text": "ifx_cmn_mapsetui.並べ替え",
          "commandId": "ifx.cmn.mapset.SORT"
        },
        {
          "separator": true
        },
        {
          "text": "ifx_cmn_mapsetui.フォルダ追加",
          "commandId": "ifx.cmn.mapset.ADD_FOLDER",
          "icon": "icon-folder icon-color-blue"
        },
        {
          "text": "ifx_cmn_mapsetui.レイヤ追加",
          "commandId": "ifx.cmn.mapset.ADD_LAYER",
          "icon": "icon-layer icon-color-blue",
          "layerlistOption":
          {
            "type": "button",
            "group": "ifx_cmn_mapsetui.追加",
            "order": 3
          }
        },
        {
          "text": "ifx_cmn_mapsetui.ビュー追加",
          "commandId": "ifx.cmn.mapset.ADD_VIEW",
          "icon": "icon-view icon-color-blue",
          "layerlistOption":
          {
            "type": "button",
            "group": "ifx_cmn_mapsetui.追加",
            "order": 4
          }
        },
        {
          "separator": true
        },
        {
          "text": "ifx_cmn_mapsetui.名前の変更",
          "commandId": "ifx.cmn.mapset.RENAME"
        },
        {
          "text": "ifx_cmn_mapsetui.削除",
          "commandId": "ifx.cmn.mapset.REMOVE",
          "icon": "svgicon-trash-primary-light-xl",
          "layerlistOption":
          {
            "type": "button",
            "group": "ifx_cmn_mapsetui.基本機能",
            "order": 5
          }
      },
      {
        "text": "ifx_cmn_mapsetui.ファイルからビューを読み込む",
        "commandId": "ifx.parts.readnodejson.ReadViewNode",
        "icon": "svgicon-download-primary-light-xl",
        "layerlistOption":
        {
          "type": "button",
          "group": "ifx_cmn_mapsetui.基本機能",
          "order": 6
        }
      }],
      "dynadisp": [
        {
          "text": "ifx_cmn_mapsetui.並べ替え",
          "commandId": "ifx.cmn.mapset.SORT"
        },
        {
          "separator": true
        },
        {
          "text": "ifx_cmn_mapsetui.レイヤ追加",
          "commandId": "ifx.cmn.mapset.ADD_LAYER",
          "icon": "icon-layer icon-color-blue",
          "layerlistOption":
          {
            "type": "button",
            "group": "ifx_cmn_mapsetui.追加",
            "order": 3
          }
        },
        {
          "separator": true
        },
        {
          "text": "ifx_cmn_mapsetui.名前の変更",
          "commandId": "ifx.cmn.mapset.RENAME"
        },
        {
          "text": "ifx_cmn_mapsetui.削除",
          "commandId": "ifx.cmn.mapset.REMOVE",
          "icon": "svgicon-trash-primary-light-xl",
          "layerlistOption":
          {
            "type": "button",
            "group": "ifx_cmn_mapsetui.基本機能",
            "order": 5
          }
      }]
    },
    "layer":
    {
      "default": [
      {
        "customRender$": "@layerStatus"
      },
      {
        "separator": true
      },
      {
        "text": "ifx_cmn_mapsetui.並べ替え",
        "commandId": "ifx.cmn.mapset.SORT"
      },
      {
        "separator": true
      },
      {
        "text": "ifx_cmn_mapsetui.地図を移動",
        "commandId": "ifx.cmn.mapset.MOVE_MAP",
        "icon": "svgicon-moveto-primary-light-xl",
        "layerlistOption":
        {
          "type": "button",
          "group": "ifx_cmn_mapsetui.基本機能",
          "order": 1
        }
      },
      {
        "text": "ifx_cmn_mapsetui.作図",
        "icon": "icon-pen icon-color-blue",
        "commandId": "ifx.parts.drawtoolbox.DrawToolBox",
        "layerlistOption":
        {
          "type": "button",
          "group": "ifx_cmn_mapsetui.基本機能",
          "order": 2
        }
      },
      {
        "text": "ifx_cmn_mapsetui.属性一覧",
        "icon": "",
        "svgId": "sprite-base-attributeset-list-icon",
        "svgClass": "icon-size-lg icon-color-primary-light",
        "commandId": "ifx.parts.attributesetlist.AttributeSetList.panel",
        "layerlistOption":
        {
          "type": "button",
          "group": "ifx_cmn_mapsetui.基本機能",
          "order": 3
        }
      },
      {
        "text": "ifx_cmn_mapsetui.編集ロック",
        "icon": "svgicon-lock-primary-light-xl",
        "invisibleInTree": true,
        "layerlistOption":
        {
          "type": "toggle",
          "toggleType": "EDIT_LOCK",
          "group": "ifx_cmn_mapsetui.基本機能",
          "order": 4
        }
      },
      {
        "separator": true
      },
      {
        "text": "ifx_cmn_mapsetui.値フィルタ",
        "icon": "icon-filter  icon-color-blue",
        "commandId": "ifx.parts.valuefilter.ValueFilterAdd",
        "layerlistOption":
        {
          "type": "button",
          "group": "ifx_cmn_mapsetui.カスタマイザ",
          "order": 5
        }
      },
      {
        "text": "ifx_cmn_mapsetui.領域フィルタ",
        "icon": "icon-filter  icon-color-blue",
        "commandId": "ifx.parts.locusfilter.LocusFilterAdd",
        "layerlistOption":
        {
          "type": "button",
          "group": "ifx_cmn_mapsetui.カスタマイザ",
          "order": 6
        }
      },
      {
        "text": "ifx_cmn_mapsetui.地物フィルタ",
        "icon": "icon-filter  icon-color-blue",
        "commandId": "ifx.parts.featurefilter.FeatureFilterAdd",
        "layerlistOption":
        {
          "type": "button",
          "group": "ifx_cmn_mapsetui.カスタマイザ",
          "order": 7
        }
      },
      {
        "text": "ifx_cmn_mapsetui.個別値主題図",
        "icon": "icon-theme icon-color-blue",
        "commandId": "ifx.parts.individualvaluetheme.IndividualValueThemeAdd",
        "layerlistOption":
        {
          "type": "button",
          "group": "ifx_cmn_mapsetui.カスタマイザ",
          "order": 9
        }
      },
      {
        "text": "ifx_cmn_mapsetui.レンジ主題図",
        "icon": "icon-theme icon-color-blue",
        "commandId": "ifx.parts.rangetheme.RangeThemeAdd",
        "layerlistOption":
        {
          "type": "button",
          "group": "ifx_cmn_mapsetui.カスタマイザ",
          "order": 10
        }
      },
      {
        "text": "ifx_cmn_mapsetui.ラベル注記",
        "icon": "icon-annotation icon-color-blue",
        "commandId": "ifx.parts.labelannotation.LabelAnnotationAdd",
        "layerlistOption":
        {
          "type": "button",
          "group": "ifx_cmn_mapsetui.カスタマイザ",
          "order": 11
        }
      },
      // {
      //   "text": "ifx_cmn_mapsetui.ラベル注記_ラべルエンジン",
      //   "icon": "icon-annotation icon-color-blue",
      //   "commandId": "ifx.parts.labelannotation.SVGLabelEngineLabelAnnotationAdd",
      //   "layerlistOption":
      //   {
      //     "type": "button",
      //     "group": "ifx_cmn_mapsetui.カスタマイザ",
      //     "order": 10
      //   }
      // },
      {
        "text": "ifx_cmn_mapsetui.優先スタイル主題図",
        "icon": "icon-theme icon-color-blue",
        "commandId": "ifx.parts.overridestyletheme.OverrideStyleThemeAdd",
        "layerlistOption":
        {
          "type": "button",
          "group": "ifx_cmn_mapsetui.カスタマイザ",
          "order": 12
        }
      },
      {
        "separator": true
      },
      {
        "text": "ifx_cmn_mapsetui.名前の変更",
        "commandId": "ifx.cmn.mapset.RENAME"
      },
      {
        "text": "ifx_cmn_mapsetui.計算列",
        "icon": "",
        "svgId": "sprite-base-fx-icon",
        "svgClass": "icon-size-lg icon-color-primary-light",
        "commandId": "ifx.parts.exprcol.ExprColSettingsModule",
        "layerlistOption":
        {
          "type": "button",
          "group": "ifx_cmn_mapsetui.基本機能",
          "order": 13
        }
      },
      {
        "text": "ifx_parts_mapsetrewriting.ズームレベル変更",
        "commandId": "ifx.parts.mapsetrewriting.ChangeLayerViewLevelModule",
        "svgId": "sprite-base-wrench-icon",
        "svgClass": "icon-size-lg  icon-color-primary-light",
        "icon": "",
        "layerlistOption":
        {
          "type": "button",
          "group": "ifx_cmn_mapsetui.基本機能",
          "order": 14
        }
      },
      {
        "text": "ifx_cmn_mapsetui.削除",
        "commandId": "ifx.cmn.mapset.REMOVE",
        "icon": "svgicon-trash-primary-light-xl",
        "layerlistOption":
        {
          "type": "button",
          "group": "ifx_cmn_mapsetui.基本機能",
          "order": 18
        }
      },
      {
        "text": "ifx_parts_changelayertransparency.レイヤ透過度変更",
        "commandId": "ifx.parts.changelayertransparency.ChangeLayerTransparencyModulePassLayerNodeId",
        "svgId": "sprite-base-wrench-icon",
        "svgClass": "icon-size-md-lg  icon-color-primary-light",
        "icon": "",
        "layerlistOption":
        {
          "type": "button",
          "group": "ifx_cmn_mapsetui.基本機能",
          "order": 20
        }
      },
      {
        "separator": true
      },
      {
        "text": "ifx_cmn_mapsetui.カスタマイザを読み込む",
        "commandId": "ifx.parts.readnodejson.ReadCustomizerNode",
        "icon": "svgicon-download-primary-light-xl",
        "layerlistOption":
        {
          "type": "button",
          "group": "ifx_cmn_mapsetui.基本機能",
          "order": 21
        }
      }],

      "cursor": [
      {
        "customRender$": "@layerStatus"
      },
      {
        "separator": true
      },
      {
        "text": "ifx_cmn_mapsetui.並べ替え",
        "commandId": "ifx.cmn.mapset.SORT"
      },
      {
        "separator": true
      },
      {
        "text": "ifx_cmn_mapsetui.地図を移動",
        "commandId": "ifx.cmn.mapset.MOVE_MAP",
        "icon": "svgicon-moveto-primary-light-xl",
        "layerlistOption":
        {
          "type": "button",
          "group": "ifx_cmn_mapsetui.基本機能",
          "order": 1
        }
      },
      {
        "text": "ifx_cmn_mapsetui.作図",
        "icon": "icon-pen icon-color-blue",
        "commandId": "ifx.parts.drawtoolbox.DrawToolBox",
        "layerlistOption":
        {
          "type": "button",
          "group": "ifx_cmn_mapsetui.基本機能",
          "order": 2
        }
      },
      {
        "text": "ifx_cmn_mapsetui.属性一覧",
        "icon": "",
        "svgId": "sprite-base-attributeset-list-icon",
        "svgClass": "icon-size-lg icon-color-primary-light",
        "commandId": "ifx.parts.attributesetlist.AttributeSetList.panel",
        "layerlistOption":
        {
          "type": "button",
          "group": "ifx_cmn_mapsetui.基本機能",
          "order": 3
        }
      },
      {
        "text": "ifx_cmn_mapsetui.編集ロック",
        "icon": "svgicon-lock-primary-light-xl",
        "invisibleInTree": true,
        "layerlistOption":
        {
          "type": "toggle",
          "toggleType": "EDIT_LOCK",
          "group": "ifx_cmn_mapsetui.基本機能",
          "order": 4
        }
      },
      {
        "separator": true
      },
      {
        "text": "ifx_cmn_mapsetui.値フィルタ",
        "icon": "icon-filter  icon-color-blue",
        "commandId": "ifx.parts.valuefilter.ValueFilterAdd",
        "layerlistOption":
        {
          "type": "button",
          "group": "ifx_cmn_mapsetui.カスタマイザ",
          "order": 5
        }
      },
      {
        "text": "ifx_cmn_mapsetui.領域フィルタ",
        "icon": "icon-filter  icon-color-blue",
        "commandId": "ifx.parts.locusfilter.LocusFilterAdd",
        "layerlistOption":
        {
          "type": "button",
          "group": "ifx_cmn_mapsetui.カスタマイザ",
          "order": 6
        }
      },
      {
        "text": "ifx_cmn_mapsetui.地物フィルタ",
        "icon": "icon-filter  icon-color-blue",
        "commandId": "ifx.parts.featurefilter.FeatureFilterAdd",
        "layerlistOption":
        {
          "type": "button",
          "group": "ifx_cmn_mapsetui.カスタマイザ",
          "order": 7
        }
      },
      {
        "text": "ifx_cmn_mapsetui.個別値主題図",
        "icon": "icon-theme icon-color-blue",
        "commandId": "ifx.parts.individualvaluetheme.IndividualValueThemeAdd",
        "layerlistOption":
        {
          "type": "button",
          "group": "ifx_cmn_mapsetui.カスタマイザ",
          "order": 9
        }
      },
      {
        "text": "ifx_cmn_mapsetui.レンジ主題図",
        "icon": "icon-theme icon-color-blue",
        "commandId": "ifx.parts.rangetheme.RangeThemeAdd",
        "layerlistOption":
        {
          "type": "button",
          "group": "ifx_cmn_mapsetui.カスタマイザ",
          "order": 10
        }
      },
      {
        "text": "ifx_cmn_mapsetui.ラベル注記",
        "icon": "icon-annotation icon-color-blue",
        "commandId": "ifx.parts.labelannotation.LabelAnnotationAdd",
        "layerlistOption":
        {
          "type": "button",
          "group": "ifx_cmn_mapsetui.カスタマイザ",
          "order": 11
        }
      },
      // {
      //   "text": "ifx_cmn_mapsetui.ラベル注記_ラべルエンジン",
      //   "icon": "icon-annotation icon-color-blue",
      //   "commandId": "ifx.parts.labelannotation.SVGLabelEngineLabelAnnotationAdd",
      //   "layerlistOption":
      //   {
      //     "type": "button",
      //     "group": "ifx_cmn_mapsetui.カスタマイザ",
      //     "order": 10
      //   }
      // },
      {
        "text": "ifx_cmn_mapsetui.優先スタイル主題図",
        "icon": "icon-theme icon-color-blue",
        "commandId": "ifx.parts.overridestyletheme.OverrideStyleThemeAdd",
        "layerlistOption":
        {
          "type": "button",
          "group": "ifx_cmn_mapsetui.カスタマイザ",
          "order": 12
        }
      },
      {
        "separator": true
      },
      {
        "text": "ifx_cmn_mapsetui.名前の変更",
        "commandId": "ifx.cmn.mapset.RENAME"
      },
      {
        "text": "ifx_cmn_mapsetui.計算列",
        "icon": "",
        "svgId": "sprite-base-fx-icon",
        "svgClass": "icon-size-lg icon-color-primary-light",
        "commandId": "ifx.parts.exprcol.ExprColSettingsModule",
        "layerlistOption":
        {
          "type": "button",
          "group": "ifx_cmn_mapsetui.基本機能",
          "order": 13
        }
      },
      {
        "text": "ifx_parts_mapsetrewriting.ズームレベル変更",
        "commandId": "ifx.parts.mapsetrewriting.ChangeLayerViewLevelModule",
        "svgId": "sprite-base-wrench-icon",
        "svgClass": "icon-size-lg  icon-color-primary-light",
        "icon": "",
        "layerlistOption":
        {
          "type": "button",
          "group": "ifx_cmn_mapsetui.基本機能",
          "order": 14
        }
      },
      {
        "text": "ifx_cmn_mapsetui.削除",
        "commandId": "ifx.cmn.mapset.REMOVE",
        "icon": "svgicon-trash-primary-light-xl",
        "layerlistOption":
        {
          "type": "button",
          "group": "ifx_cmn_mapsetui.基本機能",
          "order": 15
        }
      },
      {
        "text": "ifx_parts_changelayertransparency.レイヤ透過度変更",
        "commandId": "ifx.parts.changelayertransparency.ChangeLayerTransparencyModulePassLayerNodeId",
        "svgId": "sprite-base-wrench-icon",
        "svgClass": "icon-size-md-lg  icon-color-primary-light",
        "icon": "",
        "layerlistOption":
        {
          "type": "button",
          "group": "ifx_cmn_mapsetui.基本機能",
          "order": 16
        }
      },
      {
        "separator": true
      },
      {
        "text": "ifx_cmn_mapsetui.カスタマイザを読み込む",
        "commandId": "ifx.parts.readnodejson.ReadCustomizerNode",
        "icon": "svgicon-download-primary-light-xl",
        "layerlistOption":
        {
          "type": "button",
          "group": "ifx_cmn_mapsetui.基本機能",
          "order": 17
        }
      }],

      "bg": [
      {
        "customRender$": "@layerStatus"
      },
      {
        "separator": true
      },
      {
        "text": "ifx_cmn_mapsetui.並べ替え",
        "commandId": "ifx.cmn.mapset.SORT"
      },
      {
        "separator": true
      },
      {
        "text": "ifx_cmn_mapsetui.名前の変更",
        "commandId": "ifx.cmn.mapset.RENAME"
      },
      {
        "text": "ifx_cmn_mapsetui.削除",
        "commandId": "ifx.cmn.mapset.REMOVE",
        "icon": "svgicon-trash-primary-light-xl",
        "layerlistOption":
        {
          "type": "button",
          "group": "ifx_cmn_mapsetui.基本機能",
          "order": 3
        }
      },
      {
        "text": "ifx_parts_changelayertransparency.レイヤ透過度変更",
        "commandId": "ifx.parts.changelayertransparency.ChangeLayerTransparencyModulePassLayerNodeId",
        "svgId": "sprite-base-wrench-icon",
        "svgClass": "icon-size-md-lg  icon-color-primary-light",
        "icon": "",
        "layerlistOption":
        {
          "type": "button",
          "group": "ifx_cmn_mapsetui.基本機能",
          "order": 4
        }
      },
      {
        "text": "ifx_cmn_mapsetui.地物フィルタ",
        "icon": "icon-filter  icon-color-blue",
        "commandId": "ifx.parts.featurefilter.FeatureFilterAdd",
        "layerlistOption":
        {
          "type": "button",
          "group": "ifx_cmn_mapsetui.カスタマイザ",
          "order": 4
        }
      },
      {
        "text": "ifx_cmn_mapsetui.カスタマイザを読み込む",
        "commandId": "ifx.parts.readnodejson.ReadCustomizerNode",
        "icon": "svgicon-download-primary-light-xl",
        "layerlistOption":
        {
          "type": "button",
          "group": "ifx_cmn_mapsetui.基本機能",
          "order": 6
        }
      }],
      "db": [
      {
        "customRender$": "@layerStatus"
      },
      {
        "text": "ifx_cmn_mapsetui.地図を移動",
        "commandId": "ifx.cmn.mapset.MOVE_MAP",
        "icon": "svgicon-moveto-primary-light-xl",
        "layerlistOption":
        {
          "type": "button",
          "group": "ifx_cmn_mapsetui.基本機能",
          "order": 1
        }
      },
      {
        "text": "ifx_cmn_mapsetui.編集ロック",
        "icon": "svgicon-lock-primary-light-xl",
        "invisibleInTree": true,
        "layerlistOption":
        {
          "type": "toggle",
          "toggleType": "EDIT_LOCK",
          "group": "ifx_cmn_mapsetui.基本機能",
          "order": 2
        }
      },
      {
        "text": "ifx_cmn_mapsetui.計算列",
        "icon": "",
        "svgId": "sprite-base-fx-icon",
        "svgClass": "icon-size-lg icon-color-primary-light",
        "commandId": "ifx.parts.exprcol.ExprColSettingsModule",
        "layerlistOption":
        {
          "type": "button",
          "group": "ifx_cmn_mapsetui.基本機能",
          "order": 12
        }
      },
      {
        "text": "ifx_parts_mapsetrewriting.ズームレベル変更",
        "commandId": "ifx.parts.mapsetrewriting.ChangeLayerViewLevelModule",
        "svgId": "sprite-base-wrench-icon",
        "svgClass": "icon-size-lg  icon-color-primary-light",
        "icon": "",
        "layerlistOption":
        {
          "type": "button",
          "group": "ifx_cmn_mapsetui.基本機能",
          "order": 13
        }
      },
      {
        "text": "ifx_cmn_mapsetui.削除",
        "commandId": "ifx.cmn.mapset.REMOVE",
        "icon": "svgicon-trash-primary-light-xl",
        "layerlistOption":
        {
          "type": "button",
          "group": "ifx_cmn_mapsetui.基本機能",
          "order": 14
        }
      },
      {
        "text": "ifx_parts_changelayertransparency.レイヤ透過度変更",
        "commandId": "ifx.parts.changelayertransparency.ChangeLayerTransparencyModulePassLayerNodeId",
        "svgId": "sprite-base-wrench-icon",
        "svgClass": "icon-size-md-lg  icon-color-primary-light",
        "icon": "",
        "layerlistOption":
        {
          "type": "button",
          "group": "ifx_cmn_mapsetui.基本機能",
          "order": 15
        }
      },
      {
        "separator": true
      },
      {
        "text": "ifx_cmn_mapsetui.並べ替え",
        "commandId": "ifx.cmn.mapset.SORT"
      },
      {
        "separator": true
      },
      {
        "text": "ifx_cmn_mapsetui.データベース検索（再設定）",
        "icon": "glyphicon icon-src_db-icon",
        "commandId": "ifx.parts.dbsearch.SearchEdit",
        "layerlistOption":
        {
          "type": "button",
          "group": "ifx_cmn_mapsetui.基本機能",
          "order": 1
        }
      },
      {
        "text": "ifx_cmn_mapsetui.データベース検索（再検索）",
        "icon": "icon-src_db icon-color-blue",
        "commandId": "ifx.parts.dbsearch.ReSearchEdit",
        "layerlistOption":
        {
          "type": "button",
          "group": "ifx_cmn_mapsetui.基本機能",
          "order": 1
        }
      },
      {
        "separator": true
      },
      {
        "text": "ifx_cmn_mapsetui.属性一覧",
        "icon": "icon-list icon-color-blue",
        "commandId": "ifx.parts.attributesetlist.AttributeSetList.panel",
        "layerlistOption":
        {
          "type": "button",
          "group": "ifx_cmn_mapsetui.基本機能",
          "order": 2
        }
      },
      {
        "separator": true
      },
      {
        "text": "ifx_cmn_mapsetui.値フィルタ",
        "icon": "icon-filter icon-color-blue",
        "commandId": "ifx.parts.valuefilter.ValueFilterAdd",
        "layerlistOption":
        {
          "type": "button",
          "group": "ifx_cmn_mapsetui.カスタマイザ",
          "order": 4
        }
      },
      {
        "text": "ifx_cmn_mapsetui.領域フィルタ",
        "icon": "icon-filter icon-color-blue",
        "commandId": "ifx.parts.locusfilter.LocusFilterAdd",
        "layerlistOption":
        {
          "type": "button",
          "group": "ifx_cmn_mapsetui.カスタマイザ",
          "order": 5
        }
      },
      {
        "text": "ifx_cmn_mapsetui.地物フィルタ",
        "icon": "icon-filter  icon-color-blue",
        "commandId": "ifx.parts.featurefilter.FeatureFilterAdd",
        "layerlistOption":
        {
          "type": "button",
          "group": "ifx_cmn_mapsetui.カスタマイザ",
          "order": 6
        }
      },
      {
        "text": "ifx_cmn_mapsetui.個別値主題図",
        "icon": "icon-theme icon-color-blue",
        "commandId": "ifx.parts.individualvaluetheme.IndividualValueThemeAdd",
        "layerlistOption":
        {
          "type": "button",
          "group": "ifx_cmn_mapsetui.カスタマイザ",
          "order": 8
        }
      },
      {
        "text": "ifx_cmn_mapsetui.レンジ主題図",
        "icon": "icon-theme icon-color-blue",
        "commandId": "ifx.parts.rangetheme.RangeThemeAdd",
        "layerlistOption":
        {
          "type": "button",
          "group": "ifx_cmn_mapsetui.カスタマイザ",
          "order": 9
        }
      },
      {
        "text": "ifx_cmn_mapsetui.ラベル注記",
        "icon": "icon-annotation icon-color-blue",
        "commandId": "ifx.parts.labelannotation.LabelAnnotationAdd",
        "layerlistOption":
        {
          "type": "button",
          "group": "ifx_cmn_mapsetui.カスタマイザ",
          "order": 10
        }
      },
      // {
      //   "text": "ifx_cmn_mapsetui.ラベル注記_ラべルエンジン",
      //   "icon": "icon-annotation icon-color-blue",
      //   "commandId": "ifx.parts.labelannotation.SVGLabelEngineLabelAnnotationAdd",
      //   "layerlistOption":
      //   {
      //     "type": "button",
      //     "group": "ifx_cmn_mapsetui.カスタマイザ",
      //     "order": 10
      //   }
      // },
      {
        "text": "ifx_cmn_mapsetui.優先スタイル主題図",
        "icon": "icon-theme icon-color-blue",
        "commandId": "ifx.parts.overridestyletheme.OverrideStyleThemeAdd",
        "layerlistOption":
        {
          "type": "button",
          "group": "ifx_cmn_mapsetui.カスタマイザ",
          "order": 11
        }
      },
      {
        "separator": true
      },
      {
        "text": "ifx_cmn_mapsetui.名前の変更",
        "commandId": "ifx.cmn.mapset.RENAME"
      },
      {
        "text": "ifx_cmn_mapsetui.カスタマイザを読み込む",
        "commandId": "ifx.parts.readnodejson.ReadCustomizerNode",
        "icon": "svgicon-download-primary-light-xl",
        "layerlistOption":
        {
          "type": "button",
          "group": "ifx_cmn_mapsetui.基本機能",
          "order": 16
        }
      }],
      "cursor_bg": [
        {
          "customRender$": "@layerStatus"
        },
        {
          "separator": true
        },
        {
          "text": "ifx_cmn_mapsetui.並べ替え",
          "commandId": "ifx.cmn.mapset.SORT"
        },
        {
          "separator": true
        },
        {
          "text": "ifx_cmn_mapsetui.名前の変更",
          "commandId": "ifx.cmn.mapset.RENAME"
        },
        {
          "text": "ifx_cmn_mapsetui.削除",
          "commandId": "ifx.cmn.mapset.REMOVE",
          "icon": "svgicon-trash-primary-light-xl",
          "layerlistOption":
          {
            "type": "button",
            "group": "ifx_cmn_mapsetui.基本機能",
            "order": 3
          }
        },
        {
          "text": "ifx_parts_changelayertransparency.レイヤ透過度変更",
          "commandId": "ifx.parts.changelayertransparency.ChangeLayerTransparencyModulePassLayerNodeId",
          "svgId": "sprite-base-wrench-icon",
          "svgClass": "icon-size-md-lg  icon-color-primary-light",
          "icon": "",
          "layerlistOption":
          {
            "type": "button",
            "group": "ifx_cmn_mapsetui.基本機能",
            "order": 4
          }
        },{
          "text": "ifx_cmn_mapsetui.地物フィルタ",
          "icon": "icon-filter  icon-color-blue",
          "commandId": "ifx.parts.featurefilter.FeatureFilterAdd",
          "layerlistOption":
          {
            "type": "button",
            "group": "ifx_cmn_mapsetui.カスタマイザ",
            "order": 4
          }
        },
        {
          "text": "ifx_cmn_mapsetui.カスタマイザを読み込む",
          "commandId": "ifx.parts.readnodejson.ReadCustomizerNode",
          "icon": "svgicon-download-primary-light-xl",
          "layerlistOption":
          {
            "type": "button",
            "group": "ifx_cmn_mapsetui.基本機能",
            "order": 6
          }
        }
        ]
    },
    "filter":
    {
      "LocusFilter": [
      {
        "text": "ifx_cmn_mapsetui.設定",
        "icon": "icon-gear icon-color-blue",
        "commandId": "ifx.parts.locusfilter.LocusFilterEdit",
        "layerlistOption":
        {
          "type": "button",
          "group": "ifx_cmn_mapsetui.基本機能",
          "order": 1
        }
      },
      {
        "separator": true
      },
      {
        "text": "ifx_cmn_mapsetui.並べ替え",
        "commandId": "ifx.cmn.mapset.SORT"
      },
      {
        "separator": true
      },
      {
        "text": "ifx_cmn_mapsetui.名前の変更",
        "commandId": "ifx.cmn.mapset.RENAME"
      },
      {
        "text": "ifx_cmn_mapsetui.削除",
        "commandId": "ifx.cmn.mapset.REMOVE",
        "icon": "svgicon-trash-primary-light-xl",
        "layerlistOption":
        {
          "type": "button",
          "group": "ifx_cmn_mapsetui.基本機能",
          "order": 2
        }
      },
      {
        "text": "ifx_cmn_mapsetui.ファイルに保存する",
        "icon": "svgicon-upload-primary-light-xl",
        "commandId": "ifx.parts.savenodejson.SaveCustomizerNode",
        "layerlistOption":
        {
          "type": "button",
          "group": "ifx_cmn_mapsetui.基本機能",
          "order": 3
        }
      }],
      "ValueFilter": [
      {
        "text": "ifx_cmn_mapsetui.設定",
        "icon": "icon-gear icon-color-blue",
        "commandId": "ifx.parts.valuefilter.ValueFilterEdit",
        "layerlistOption":
        {
          "type": "button",
          "group": "ifx_cmn_mapsetui.基本機能",
          "order": 1
        }
      },
      {
        "separator": true
      },
      {
        "text": "ifx_cmn_mapsetui.並べ替え",
        "commandId": "ifx.cmn.mapset.SORT"
      },
      {
        "separator": true
      },
      {
        "text": "ifx_cmn_mapsetui.名前の変更",
        "commandId": "ifx.cmn.mapset.RENAME"
      },
      {
        "text": "ifx_cmn_mapsetui.削除",
        "commandId": "ifx.cmn.mapset.REMOVE",
        "icon": "svgicon-trash-primary-light-xl",
        "layerlistOption":
        {
          "type": "button",
          "group": "ifx_cmn_mapsetui.基本機能",
          "order": 2
        }
      },
      {
        "text": "ifx_cmn_mapsetui.ファイルに保存する",
        "icon": "svgicon-upload-primary-light-xl",
        "commandId": "ifx.parts.savenodejson.SaveCustomizerNode",
        "layerlistOption":
        {
          "type": "button",
          "group": "ifx_cmn_mapsetui.基本機能",
          "order": 3
        }
      }],
      "UserIdFilter": [
      {
        "text": "ifx_cmn_mapsetui.設定",
        "icon": "icon-gear icon-color-blue",
        "commandId": "ifx.parts.useridfilter.UserIdFilterEdit",
        "layerlistOption":
        {
          "type": "button",
          "group": "ifx_cmn_mapsetui.基本機能",
          "order": 1
        }
      },
      {
        "separator": true
      },
      {
        "text": "ifx_cmn_mapsetui.並べ替え",
        "commandId": "ifx.cmn.mapset.SORT"
      },
      {
        "separator": true
      },
      {
        "text": "ifx_cmn_mapsetui.名前の変更",
        "commandId": "ifx.cmn.mapset.RENAME"
      },
      {
        "text": "ifx_cmn_mapsetui.削除",
        "commandId": "ifx.cmn.mapset.REMOVE",
        "icon": "svgicon-trash-primary-light-xl",
        "layerlistOption":
        {
          "type": "button",
          "group": "ifx_cmn_mapsetui.基本機能",
          "order": 2
        }
      },
      {
        "text": "ifx_cmn_mapsetui.ファイルに保存する",
        "icon": "svgicon-upload-primary-light-xl",
        "commandId": "ifx.parts.savenodejson.SaveCustomizerNode",
        "layerlistOption":
        {
          "type": "button",
          "group": "ifx_cmn_mapsetui.基本機能",
          "order": 3
        }
      }],
      "FeatureFilter": [
        {
          "text": "ifx_cmn_mapsetui.設定",
          "icon": "icon-gear icon-color-blue",
          "commandId": "ifx.parts.featurefilter.FeatureFilterEdit",
          "layerlistOption":
          {
            "type": "button",
            "group": "ifx_cmn_mapsetui.基本機能",
            "order": 1
          }
        },
        {
          "separator": true
        },
        {
          "text": "ifx_cmn_mapsetui.並べ替え",
          "commandId": "ifx.cmn.mapset.SORT"
        },
        {
          "separator": true
        },
        {
          "text": "ifx_cmn_mapsetui.名前の変更",
          "commandId": "ifx.cmn.mapset.RENAME"
        },
        {
          "text": "ifx_cmn_mapsetui.削除",
          "commandId": "ifx.cmn.mapset.REMOVE",
          "icon": "svgicon-trash-primary-light-xl",
          "layerlistOption":
          {
            "type": "button",
            "group": "ifx_cmn_mapsetui.基本機能",
            "order": 2
          }
      },
      {
        "text": "ifx_cmn_mapsetui.ファイルに保存する",
        "icon": "svgicon-upload-primary-light-xl",
        "commandId": "ifx.parts.savenodejson.SaveCustomizerNode",
        "layerlistOption":
        {
          "type": "button",
          "group": "ifx_cmn_mapsetui.基本機能",
          "order": 3
        }
      }],
      "ItemIdFilter": [
        {
          "text": "ifx_cmn_mapsetui.並べ替え",
          "commandId": "ifx.cmn.mapset.SORT"
        },
        {
          "separator": true
        },
        {
          "text": "ifx_cmn_mapsetui.名前の変更",
          "commandId": "ifx.cmn.mapset.RENAME"
        },
        {
          "text": "ifx_cmn_mapsetui.削除",
          "commandId": "ifx.cmn.mapset.REMOVE",
          "icon": "svgicon-trash-primary-light-xl",
          "layerlistOption":
          {
            "type": "button",
            "group": "ifx_cmn_mapsetui.基本機能",
            "order": 2
          }
        },
        {
          "text": "ifx_cmn_mapsetui.ファイルに保存する",
          "icon": "svgicon-upload-primary-light-xl",
          "commandId": "ifx.parts.savenodejson.SaveCustomizerNode",
          "layerlistOption":
          {
            "type": "button",
            "group": "ifx_cmn_mapsetui.基本機能",
            "order": 3
          }
        }]
    },
    "theme":
    {
      "IndividualValueTheme": [
      {
        "text": "ifx_cmn_mapsetui.設定",
        "icon": "icon-gear icon-color-blue",
        "commandId": "ifx.parts.individualvaluetheme.IndividualValueThemeEdit",
        "layerlistOption":
        {
          "type": "button",
          "group": "ifx_cmn_mapsetui.基本機能",
          "order": 1
        }
      },
      {
        "separator": true
      },
      {
        "text": "ifx_cmn_mapsetui.並べ替え",
        "commandId": "ifx.cmn.mapset.SORT"
      },
      {
        "separator": true
      },
      {
        "text": "ifx_cmn_mapsetui.名前の変更",
        "commandId": "ifx.cmn.mapset.RENAME"
      },
      {
        "text": "ifx_cmn_mapsetui.削除",
        "commandId": "ifx.cmn.mapset.REMOVE",
        "icon": "svgicon-trash-primary-light-xl",
        "layerlistOption":
        {
          "type": "button",
          "group": "ifx_cmn_mapsetui.基本機能",
          "order": 2
        }
      },
      {
        "text": "ifx_cmn_mapsetui.ファイルに保存する",
        "icon": "svgicon-upload-primary-light-xl",
        "commandId": "ifx.parts.savenodejson.SaveCustomizerNode",
        "layerlistOption":
        {
          "type": "button",
          "group": "ifx_cmn_mapsetui.基本機能",
          "order": 3
        }
      }],
      "RangeTheme": [
      {
        "text": "ifx_cmn_mapsetui.設定",
        "icon": "icon-gear icon-color-blue",
        "commandId": "ifx.parts.rangetheme.RangeThemeEdit",
        "layerlistOption":
        {
          "type": "button",
          "group": "ifx_cmn_mapsetui.基本機能",
          "order": 1
        }
      },
      {
        "separator": true
      },
      {
        "text": "ifx_cmn_mapsetui.並べ替え",
        "commandId": "ifx.cmn.mapset.SORT"
      },
      {
        "separator": true
      },
      {
        "text": "ifx_cmn_mapsetui.名前の変更",
        "commandId": "ifx.cmn.mapset.RENAME"
      },
      {
        "text": "ifx_cmn_mapsetui.削除",
        "commandId": "ifx.cmn.mapset.REMOVE",
        "icon": "svgicon-trash-primary-light-xl",
        "layerlistOption":
        {
          "type": "button",
          "group": "ifx_cmn_mapsetui.基本機能",
          "order": 2
        }
      },
      {
        "text": "ifx_cmn_mapsetui.ファイルに保存する",
        "icon": "svgicon-upload-primary-light-xl",
        "commandId": "ifx.parts.savenodejson.SaveCustomizerNode",
        "layerlistOption":
        {
          "type": "button",
          "group": "ifx_cmn_mapsetui.基本機能",
          "order": 3
        }
      }],
      "OverrideStyleTheme": [
      {
        "text": "ifx_cmn_mapsetui.設定",
        "icon": "icon-gear icon-color-blue",
        "commandId": "ifx.parts.overridestyletheme.OverrideStyleThemeEdit",
        "layerlistOption":
        {
          "type": "button",
          "group": "ifx_cmn_mapsetui.基本機能",
          "order": 1
        }
      },
      {
        "separator": true
      },
      {
        "text": "ifx_cmn_mapsetui.並べ替え",
        "commandId": "ifx.cmn.mapset.SORT"
      },
      {
        "separator": true
      },
      {
        "text": "ifx_cmn_mapsetui.名前の変更",
        "commandId": "ifx.cmn.mapset.RENAME"
      },
      {
        "text": "ifx_cmn_mapsetui.削除",
        "commandId": "ifx.cmn.mapset.REMOVE",
        "icon": "svgicon-trash-primary-light-xl",
        "layerlistOption":
        {
          "type": "button",
          "group": "ifx_cmn_mapsetui.基本機能",
          "order": 2
        }
      },
      {
        "text": "ifx_cmn_mapsetui.ファイルに保存する",
        "icon": "svgicon-upload-primary-light-xl",
        "commandId": "ifx.parts.savenodejson.SaveCustomizerNode",
        "layerlistOption":
        {
          "type": "button",
          "group": "ifx_cmn_mapsetui.基本機能",
          "order": 3
        }
      }],
      "CrossRangeTheme": [
      {
        "text": "ifx_cmn_mapsetui.並べ替え",
        "commandId": "ifx.cmn.mapset.SORT"
      },
      {
        "separator": true
      },
      {
        "text": "ifx_cmn_mapsetui.名前の変更",
        "commandId": "ifx.cmn.mapset.RENAME"
      },
      {
        "text": "ifx_cmn_mapsetui.削除",
        "commandId": "ifx.cmn.mapset.REMOVE",
        "icon": "svgicon-trash-primary-light-xl",
        "layerlistOption":
        {
          "type": "button",
          "group": "ifx_cmn_mapsetui.基本機能",
          "order": 2
        }
      },
      {
        "text": "ifx_cmn_mapsetui.ファイルに保存する",
        "icon": "svgicon-upload-primary-light-xl",
        "commandId": "ifx.parts.savenodejson.SaveCustomizerNode",
        "layerlistOption":
        {
          "type": "button",
          "group": "ifx_cmn_mapsetui.基本機能",
          "order": 3
        }
        }]
    },
    "annotation":
    {
      "LabelAnnotation": [
      {
        "text": "ifx_cmn_mapsetui.設定",
        "icon": "icon-gear icon-color-blue",
        "commandId": "ifx.parts.labelannotation.LabelAnnotationEdit",
        "layerlistOption":
        {
          "type": "button",
          "group": "ifx_cmn_mapsetui.基本機能",
          "order": 1
        }
      },
      {
        "separator": true
      },
      {
        "text": "ifx_cmn_mapsetui.並べ替え",
        "commandId": "ifx.cmn.mapset.SORT"
      },
      {
        "separator": true
      },
      {
        "text": "ifx_cmn_mapsetui.名前の変更",
        "commandId": "ifx.cmn.mapset.RENAME"
      },
      {
        "text": "ifx_cmn_mapsetui.削除",
        "commandId": "ifx.cmn.mapset.REMOVE",
        "icon": "svgicon-trash-primary-light-xl",
        "layerlistOption":
        {
          "type": "button",
          "group": "ifx_cmn_mapsetui.基本機能",
          "order": 2
        }
      },
      {
        "text": "ifx_cmn_mapsetui.ファイルに保存する",
        "icon": "svgicon-upload-primary-light-xl",
        "commandId": "ifx.parts.savenodejson.SaveCustomizerNode",
        "layerlistOption":
        {
          "type": "button",
          "group": "ifx_cmn_mapsetui.基本機能",
          "order": 3
        }
      }],
      "MltAttrAnnotation": [
      {
        "text": "ifx_cmn_mapsetui.並べ替え",
        "commandId": "ifx.cmn.mapset.SORT"
      },
      {
        "separator": true
      },
      {
        "text": "ifx_cmn_mapsetui.名前の変更",
        "commandId": "ifx.cmn.mapset.RENAME"
      },
      {
        "text": "ifx_cmn_mapsetui.削除",
        "commandId": "ifx.cmn.mapset.REMOVE",
        "icon": "svgicon-trash-primary-light-xl",
        "layerlistOption":
        {
          "type": "button",
          "group": "ifx_cmn_mapsetui.基本機能",
          "order": 2
        }
      },
      {
        "text": "ifx_cmn_mapsetui.ファイルに保存する",
        "icon": "svgicon-upload-primary-light-xl",
        "commandId": "ifx.parts.savenodejson.SaveCustomizerNode",
        "layerlistOption":
        {
          "type": "button",
          "group": "ifx_cmn_mapsetui.基本機能",
          "order": 3
        }
      }],
      "WktAnnotation": [
        {
          "text": "ifx_cmn_mapsetui.並べ替え",
          "commandId": "ifx.cmn.mapset.SORT"
        },
        {
          "separator": true
        },
        {
          "text": "ifx_cmn_mapsetui.名前の変更",
          "commandId": "ifx.cmn.mapset.RENAME"
        },
        {
          "text": "ifx_cmn_mapsetui.削除",
          "commandId": "ifx.cmn.mapset.REMOVE",
          "icon": "svgicon-trash-primary-light-xl",
          "layerlistOption":
          {
            "type": "button",
            "group": "ifx_cmn_mapsetui.基本機能",
            "order": 2
          }
      },
      {
        "text": "ifx_cmn_mapsetui.ファイルに保存する",
        "icon": "svgicon-upload-primary-light-xl",
        "commandId": "ifx.parts.savenodejson.SaveCustomizerNode",
        "layerlistOption":
        {
          "type": "button",
          "group": "ifx_cmn_mapsetui.基本機能",
          "order": 3
        }
      }],
      "GridDensityAnnotation": [
        {
          "text": "ifx_cmn_mapsetui.並べ替え",
          "commandId": "ifx.cmn.mapset.SORT"
        },
        {
          "separator": true
        },
        {
          "text": "ifx_cmn_mapsetui.名前の変更",
          "commandId": "ifx.cmn.mapset.RENAME"
        },
        {
          "text": "ifx_cmn_mapsetui.削除",
          "commandId": "ifx.cmn.mapset.REMOVE",
          "icon": "svgicon-trash-primary-light-xl",
          "layerlistOption":
          {
            "type": "button",
            "group": "ifx_cmn_mapsetui.基本機能",
            "order": 2
          }
      },
      {
        "text": "ifx_cmn_mapsetui.ファイルに保存する",
        "icon": "svgicon-upload-primary-light-xl",
        "commandId": "ifx.parts.savenodejson.SaveCustomizerNode",
        "layerlistOption":
        {
          "type": "button",
          "group": "ifx_cmn_mapsetui.基本機能",
          "order": 3
        }
      }],
      "FormulaLabelAnnotation":[
        {
          "text": "ifx_cmn_mapsetui.並べ替え",
          "commandId": "ifx.cmn.mapset.SORT"
        },
        {
          "separator": true
        },
        {
          "text": "ifx_cmn_mapsetui.名前の変更",
          "commandId": "ifx.cmn.mapset.RENAME"
        },
        {
          "text": "ifx_cmn_mapsetui.削除",
          "commandId": "ifx.cmn.mapset.REMOVE",
          "icon": "svgicon-trash-primary-light-xl",
          "layerlistOption":
          {
            "type": "button",
            "group": "ifx_cmn_mapsetui.基本機能",
            "order": 2
          }
        },
        {
          "text": "ifx_cmn_mapsetui.ファイルに保存する",
          "icon": "svgicon-upload-primary-light-xl",
          "commandId": "ifx.parts.savenodejson.SaveCustomizerNode",
          "layerlistOption":
          {
            "type": "button",
            "group": "ifx_cmn_mapsetui.基本機能",
            "order": 3
          }
        }
      ],
      "SVGLabelEngineAnnotation": [
        {
          "text": "ifx_cmn_mapsetui.設定",
          "icon": "icon-gear icon-color-blue",
          "commandId": "ifx.parts.labelannotation.SVGLabelEngineLabelAnnotationEdit",
          "layerlistOption":
          {
            "type": "button",
            "group": "ifx_cmn_mapsetui.基本機能",
            "order": 1
          }
        },
        {
          "separator": true
        },
        {
          "text": "ifx_cmn_mapsetui.並べ替え",
          "commandId": "ifx.cmn.mapset.SORT"
        },
        {
          "separator": true
        },
        {
          "text": "ifx_cmn_mapsetui.名前の変更",
          "commandId": "ifx.cmn.mapset.RENAME"
        },
        {
          "text": "ifx_cmn_mapsetui.削除",
          "commandId": "ifx.cmn.mapset.REMOVE",
          "icon": "svgicon-trash-primary-light-xl",
          "layerlistOption":
          {
            "type": "button",
            "group": "ifx_cmn_mapsetui.基本機能",
            "order": 2
          }
        },
        {
          "text": "ifx_cmn_mapsetui.ファイルに保存する",
          "icon": "svgicon-upload-primary-light-xl",
          "commandId": "ifx.parts.savenodejson.SaveCustomizerNode",
          "layerlistOption":
          {
            "type": "button",
            "group": "ifx_cmn_mapsetui.基本機能",
            "order": 3
          }
      }]
    }
  }
}