{
  "type": "mapset",
  "name": "マップセット",
  "disabled": false,
  "expanded": true,
  "permission": null,
  "note": "業務WEB地図セット",
  "minZoomLevel": 10,
  "maxZoomLevel": 20,
  "minX": null,
  "maxX": null,
  "minY": null,
  "maxY": null,
  "metadata": {
    "notice": "(c)informatix",
    "created": "2024/02/01",
    "updated": "2024/02/01",
    "ifx_parts_symbolstyleeasyedit_LAYER_NAME": "作図レイヤ", //作図編集用レイヤ名
    "ifx_parts_symbolstyleeasyedit_LAYER_ID": "easyEditLayerNodeId",
    "ifx_cmn_util_handlarOnChangeSelectItemCommand": "ifx.parts.notshowitemattr.NotShowItemAttr"
    // 住所検索で利用する住所DBの設定をmapsetでできる。
    // "ifx_parts_addressserach": {
    //   "useAddressDb": "address2" //住所DB名
    // }
  },
  // 索引図パネルを開いた際に表示するviewデータ。デフォルトビュー指定で使うViewNodeのviewプロパティと同様。
  "indexDiagramView": {
    "angle": 0,
    "bAnimating": false,
    "center": {
      "x": 15100562.352,
      "y": 4138683.308,
      "z": 0
    },
    "cs": 1000,
    "cutFar": null,
    "cutNear": -1,
    "levelOfDetail": 0,
    "lookX": 0.5,
    "lookY": 0.5,
    "tilt": 0
  },
  "indexDiagramMapsetUrl": null, // 索引図パネルを開いた際に表示するmapsetのurl。索引図におけるviewはindexDiagramViewになる(url指定のjsonで決まらない)。indexDiagramViewがあって、indexDiagramMapsetUrlの指定がない場合は索引図で表示する地図はこのmapsetと同じになる。
  "style": {
    "pen": "0xff008000",
    "brush": "0x80008000",
    "fontHeight": 16,
    "font": "Dialog",
    "horizontalJustification": 1,
    "verticalJustification": 1,
    "bold": false,
    "pattern32": "0xFFFFFFFF",
    "patternLength": 0,
    "lineWidth": 1,
    "italic": false,
    "halo": false,
    "background": false,
    "textBox": false,
    "textVertical": false,
    "minZoomLevel": 0,
    "offset": [
      0,
      0
    ],
    "maxZoomLevel": 28,
    "level": 0,
    "symbol": "tentative",
    "symbolScale": 1,
    "worldMeterUnits": false,
    "ignoreViewAngle": false,
    "square": false
  },
  "selectStyle": {
    "pen": "0x400000ff",
    "brush": "0x200000ff",
    "fontHeight": 16,
    "font": "Dialog",
    "horizontalJustification": 1,
    "verticalJustification": 1,
    "bold": false,
    "pattern32": "0xFFFFFFFF",
    "patternLength": 0,
    "lineWidth": 5,
    "italic": false,
    "halo": false,
    "background": false,
    "textBox": false,
    "textVertical": false,
    "minZoomLevel": 0,
    "offset": [
      0,
      0
    ],
    "maxZoomLevel": 28,
    "level": 0,
    "symbolScale": 1,
    "worldMeterUnits": false
  },
  "format": [
    {
      "type": 1,
      "pattern": "#,##0",
      "patternNull": ""
    },
    {
      "type": 2,
      "pattern": "#,##0.##########",
      "patternNull": ""
    },
    {
      "type": 3,
      "pattern": null,
      "patternNull": ""
    },
    {
      "type": 4,
      "pattern": "#,##0",
      "patternNull": ""
    },
    {
      "type": 5,
      "pattern": "YYYY/MM/DD",
      "patternNull": ""
    },
    {
      "type": 7,
      "pattern": "H:mm:ss",
      "patternNull": ""
    },
    {
      "type": 8,
      "pattern": "YYYY/MM/DD H:mm:ss",
      "patternNull": ""
    },
    {
      "type": 9,
      "pattern": null,
      "patternNull": ""
    },
    {
      "type": 11,
      "pattern": null,
      "patternNull": ""
    }
  ],
  "leafletLayerArray": [],
  // モジュールのconfig.jsonを上書きします。一部のプロパティは上書きに対応していません(初期化時点の値を使い続けるため上書きの効果がない場合があります。)
  "overwriteModuleConfig": {},
  "bibiZoom": false,
  "chartBackgroundColor": "0x00ffffff",
  "chartViewLock": 0,
  "children": [
    {
      "type": "view",
      "name": "デフォルトビュー",
      "disabled": false,
      "hidden": true,
      "metadata": null,
      "isDefaultView": true,
      "permission": null,
      "view": {
        "angle": 0,
        "bAnimating": false,
        "center": {
          "x": 15100562.352,
          "y": 4138683.308,
          "z": 0
        },
        "cs": 1000,
        "cutFar": null,
        "cutNear": -1,
        "levelOfDetail": 0,
        "lookX": 0.5,
        "lookY": 0.5,
        "tilt": 0
      }
    },
    {
      "id": "nf@100",
      "type": "folder",
      "name": "背景地図フォルダ",
      "display": 1,
      "disabled": false,
      "expanded": false,
      "metadata": null,
      "permission": null,
      "children": [
        {
          "id": "n@101",
          "type": "layer",
          "name": "道路地図（広域）",
          "clazz": "bg",
          "disabled": false,
          "metadata": null,
          "dts": "tile:Wmts",
          "dtsOptions": {
            "maxZoomLevel": 12,
            "server": null,
            "path": "./WMTS",
            "layer": "mapple_200000",
            "format": "image/png",
            "noCacheWiterKey": "WMTS?"
          },
          "allowPreload": true,
          "minZoomLevel": 10,
          "maxZoomLevel": 12,
          "levelOfDetail": 0,
          "display": 1,
          "status": 1,
          "permission": null,
          "schemaset": {
            "category": null,
            "schema": []
          },
          "credit": "(c)MAPPLE,Inc.",
          "useTileChache": false,
          "children": null
        },
        {
          "id": "n@102",
          "type": "layer",
          "name": "道路地図（詳細）",
          "clazz": "bg",
          "disabled": false,
          "metadata": null,
          "dts": "tile:Wmts",
          "dtsOptions": {
            "maxZoomLevel": 16,
            "server": null,
            "path": "./WMTS",
            "layer": "mapple_25000",
            "format": "image/png",
            "noCacheWiterKey": "WMTS?"
          },
          "allowPreload": true,
          "minZoomLevel": 13,
          "maxZoomLevel": 16,
          "levelOfDetail": 0,
          "display": 1,
          "status": 1,
          "permission": null,
          "schemaset": {
            "category": null,
            "schema": []
          },
          "credit": "(c)MAPPLE,Inc.",
          "useTileChache": false,
          "children": null
        },
        {
          "id": "n@104",
          "type": "layer",
          "name": "住宅地図",
          "clazz": "bg",
          "disabled": false,
          "metadata": null,
          "dts": "data/zmap-town2/Town2_2500.gcwx",
          "allowPreload": true,
          "minZoomLevel": 17,
          "maxZoomLevel": 20,
          "levelOfDetail": 0,
          "display": 1,
          "status": 1,
          "permission": null,
          "schemaset": {
            "schema": [
              {
                "attribute": {
                  "batedit": false,
                  "name": "TEXT",
                  "type": 3
                },
                "column": {
                  "hidden": false,
                  "width": 120
                },
                "validator": {}
              },
              {
                "attribute": {
                  "batedit": false,
                  "name": "名称",
                  "type": 3
                },
                "column": {
                  "hidden": false,
                  "width": 120
                },
                "validator": {}
              },
              {
                "attribute": {
                  "batedit": false,
                  "name": "都道府県",
                  "type": 3
                },
                "column": {
                  "hidden": false,
                  "width": 120
                },
                "validator": {}
              },
              {
                "attribute": {
                  "batedit": false,
                  "name": "都道府県かな",
                  "type": 3
                },
                "column": {
                  "hidden": false,
                  "width": 120
                },
                "validator": {}
              },
              {
                "attribute": {
                  "batedit": false,
                  "name": "特別行政界",
                  "type": 3
                },
                "column": {
                  "hidden": false,
                  "width": 120
                },
                "validator": {}
              },
              {
                "attribute": {
                  "batedit": false,
                  "name": "特別行政界かな",
                  "type": 3
                },
                "column": {
                  "hidden": false,
                  "width": 120
                },
                "validator": {}
              },
              {
                "attribute": {
                  "batedit": false,
                  "name": "拡張市区町村コード",
                  "type": 1
                },
                "column": {
                  "hidden": false,
                  "width": 120
                },
                "validator": {}
              },
              {
                "attribute": {
                  "batedit": false,
                  "name": "市区町村",
                  "type": 3
                },
                "column": {
                  "hidden": false,
                  "width": 120
                },
                "validator": {}
              },
              {
                "attribute": {
                  "batedit": false,
                  "name": "市区町村かな",
                  "type": 3
                },
                "column": {
                  "hidden": false,
                  "width": 120
                },
                "validator": {}
              },
              {
                "attribute": {
                  "batedit": false,
                  "name": "大字コード",
                  "type": 1
                },
                "column": {
                  "hidden": false,
                  "width": 120
                },
                "validator": {}
              },
              {
                "attribute": {
                  "batedit": false,
                  "name": "大字",
                  "type": 3
                },
                "column": {
                  "hidden": false,
                  "width": 120
                },
                "validator": {}
              },
              {
                "attribute": {
                  "batedit": false,
                  "name": "大字かな",
                  "type": 3
                },
                "column": {
                  "hidden": false,
                  "width": 120
                },
                "validator": {}
              },
              {
                "attribute": {
                  "batedit": false,
                  "name": "字丁目コード",
                  "type": 1
                },
                "column": {
                  "hidden": false,
                  "width": 120
                },
                "validator": {}
              },
              {
                "attribute": {
                  "batedit": false,
                  "name": "字丁目",
                  "type": 3
                },
                "column": {
                  "hidden": false,
                  "width": 120
                },
                "validator": {}
              },
              {
                "attribute": {
                  "batedit": false,
                  "name": "字丁目かな",
                  "type": 3
                },
                "column": {
                  "hidden": false,
                  "width": 120
                },
                "validator": {}
              },
              {
                "attribute": {
                  "batedit": false,
                  "name": "街区コード",
                  "type": 1
                },
                "column": {
                  "hidden": false,
                  "width": 120
                },
                "validator": {}
              },
              {
                "attribute": {
                  "batedit": false,
                  "name": "街区",
                  "type": 3
                },
                "column": {
                  "hidden": false,
                  "width": 120
                },
                "validator": {}
              },
              {
                "attribute": {
                  "batedit": false,
                  "name": "地番・戸番",
                  "type": 3
                },
                "column": {
                  "hidden": false,
                  "width": 120
                },
                "validator": {}
              },
              {
                "attribute": {
                  "batedit": false,
                  "name": "郵便番号",
                  "type": 3
                },
                "column": {
                  "hidden": false,
                  "width": 120
                },
                "validator": {}
              },
              {
                "attribute": {
                  "batedit": false,
                  "name": "建物階数",
                  "type": 1
                },
                "column": {
                  "hidden": false,
                  "width": 120
                },
                "validator": {}
              },
              {
                "attribute": {
                  "batedit": false,
                  "name": "関連図",
                  "type": 3
                },
                "column": {
                  "hidden": false,
                  "width": 120
                },
                "validator": {}
              },
              {
                "attribute": {
                  "batedit": false,
                  "name": "図番号",
                  "type": 1
                },
                "column": {
                  "hidden": false,
                  "width": 120
                },
                "validator": {}
              },
              {
                "attribute": {
                  "batedit": false,
                  "name": "図内属性番号",
                  "type": 1
                },
                "column": {
                  "hidden": false,
                  "width": 120
                },
                "validator": {}
              },
              {
                "attribute": {
                  "batedit": false,
                  "name": "属性種別ｺｰﾄ",
                  "type": 1
                },
                "column": {
                  "hidden": false,
                  "width": 120
                },
                "validator": {}
              },
              {
                "attribute": {
                  "batedit": false,
                  "name": "別記属性種別数",
                  "type": 1
                },
                "column": {
                  "hidden": false,
                  "width": 120
                },
                "validator": {}
              },
              {
                "attribute": {
                  "batedit": false,
                  "name": "別記属性種別コード",
                  "type": 3
                },
                "column": {
                  "hidden": false,
                  "width": 120
                },
                "validator": {}
              },
              {
                "attribute": {
                  "batedit": false,
                  "name": "別記名称",
                  "type": 3
                },
                "column": {
                  "hidden": false,
                  "width": 120
                },
                "validator": {}
              },
              {
                "attribute": {
                  "batedit": false,
                  "name": "別記階数",
                  "type": 3
                },
                "column": {
                  "hidden": false,
                  "width": 120
                },
                "validator": {}
              },
              {
                "attribute": {
                  "batedit": false,
                  "name": "別記部屋名称",
                  "type": 3
                },
                "column": {
                  "hidden": false,
                  "width": 120
                },
                "validator": {}
              },
              {
                "attribute": {
                  "batedit": false,
                  "name": "別記階数種別コード",
                  "type": 3
                },
                "column": {
                  "hidden": false,
                  "width": 120
                },
                "validator": {}
              }
            ]
          },
          "credit": "(c) 2023 ZENRIN CO.,LTD.",
          "children": null
        }
      ]
    }
  ]
}