{
  // UI表示のタイプを指定。指定できるのは"textonly", "icononly, "btntext" でそれぞれアイコンのみ表示、テキストのみ表示、アイコンとテキストを表示となる。
  "uiType": "btntext",
  // メニュー内容を指定。(btnbar_menu.jsonなどと項目は同じ)
  "menu":
  [{
    "id": "ifx.parts.rectangleselect.RectangleSelect",
    "name": "ifx_parts_rectangleselect.範囲選択",
    "hidden": false,
    "disabled": false,
    "imgFont": "icon-rect_slct fonticon-size-md",
    "imgFile": "",
    //captionの設定がある場合、ツールチップにcaptionの値が表示されます。
    "caption": "ifx_parts_rectangleselect.選択した2点から生成した矩形内の図形を選択します"
  },
  {
    "id": "ifx.parts.layer.AllDeselectItem",
    "name": "ifx_parts_layer.選択解除",
    "hidden": false,
    "disabled": false,
    "imgFont": "glyphicon glyphicon-unchecked fonticon-size-md",
    "imgFile": ""
  },
  {
    "id": "ifx.parts.attributesetdialog.AttributeSetDialog.panel",
    "name": "ifx_parts_attributesetdialog.属性詳細",
    "hidden": false,
    "disabled": false,
    "imgFont": "glyphicon glyphicon icon-attr fonticon-size-md",
    "imgFile": ""
  },
  {
    "id": "ifx.parts.layer.ChangeItemSelectMode",
    "name": "ifx_parts_layer.通常選択",
    "hidden": false,
    "disabled": false,
    "type": "toggle",
    "imgFont": "icon-tsujousentaku fonticon-size-md",
    "imgFile": "",
    "caption": "ifx_parts_layer.選択モードを切り替えます",
    "data":
    {
      "on":
      {
        "name": "ifx_parts_layer.追加選択",
        "imgFont": "icon-tsuikasentaku fonticon-size-md",
        "imgFile": ""
      },
      "off":
      {
        "name": "ifx_parts_layer.通常選択",
        "imgFont": "icon-tsujousentaku fonticon-size-md",
        "imgFile": ""
      }
    }
  },
  {
    "id": "ifx.parts.style.DefaultStyle",
    "name": "ifx_parts_style.標準スタイル",
    "hidden": false,
    "disabled": false,
    "imgFont": "icon-draw_dflt fonticon-size-md"
  },
  {
    "id": "ifx.parts.dtssavemgr.DtsSaveMgrBatchSend",
    "name": "ifx_parts_dtssavemgr.全ての地図の変更を共有",
    "hidden": false,
    "disabled": true,
    "svgId": "sprite-base-share-icon",
    "svgClass": "icon-size-md icon-color-secondary-base",
    "imgFile": ""
  },
  {
    "id": "ifx.parts.searchpanel.SearchPanel",
    "name": "IfxCommon.検索",
    "hidden": false,
    "disabled": false,
    "type": "toggle",
    "imgFont": "icon-search fonticon-size-md",
    "imgFile": "",
    "data":
    {
      "on":
      {
        "name": "IfxCommon.検索",
        "imgFont": "icon-search fonticon-size-md",
        "imgFile": ""
      },
      "off":
      {
        "name": "IfxCommon.検索",
        "imgFont": "icon-search fonticon-size-md",
        "imgFile": ""
      }
    }
  },
  {
		"id": "ifx.parts.kilopost.KiloPostModule",
		"name": "ifx_parts_kilopost.キロポスト",
		"hidden": false,
		"disabled": false,
		"svgId": "",
		"svgClass": "",
		"imgFont": "icon-src_add",
		"imgFile": ""
  }]
}