[
    {
        "category": "ハッチパターン",
        "symbollist": [
        {
            "symbolVectorItemAr": [{
                "s": { "pen": -1, "brush": -1 },
                "g": {
                    "srs": "EPSG:3857",
                    "xyz": [-0.5, -0.5, 0, 0.5, 0.5, 0, 0.5, -0.5, 0, -0.5, 0.5, 0],
                    "lineStrings": [0, 2, 2, 2]
                }
            }],
            "symbolMonochrome": true,
            "key": "hatchBatsu"
        },
        {
            "symbolVectorItemAr": [{
                "s": { "pen": -1, "brush": -1 },
                "g": {
                    "srs": "EPSG:3857",
                    "xyz": [-0.5, 0, 0, 0.5, 0, 0, 0, -0.5, 0, 0, 0.5, 0],
                    "lineStrings": [0, 2, 2, 2]
                }
            }],
            "symbolMonochrome": true,
            "key": "hatchPlus"
        },
        {
            "symbolVectorItemAr": [{
                "s": { "pen": -1, "brush": -1 },
                "g": {
                    "srs": "EPSG:3857",
                    "xyz": [0, -0.5, 0, 0, 0.5, 0],
                    "lineStrings": [0, 2]
                }
            }],
            "symbolMonochrome": true,
            "key": "hatchTate"
        },
        {
            "symbolVectorItemAr": [{
                "s": { "pen": -1, "brush": -1 },
                "g": {
                    "srs": "EPSG:3857",
                    "xyz": [-0.5, 0, 0, 0.5, 0, 0],
                    "lineStrings": [0, 2]
                }
            }],
            "symbolMonochrome": true,
            "key": "hatchYoko"
        },
        {
            "symbolVectorItemAr": [{
                "s": { "pen": -1, "brush": -1 },
                "g": {
                    "srs": "EPSG:3857",
                    "xyz": [
                        -0.5, -0.5, 0,
                        0.5, 0.5, 0,
                        -0.5, 0.5, 0,
                        -0.5, 0.5, 0,
                        0.5, -0.5, 0,
                        0.5, -0.5, 0
                    ],
                    "lineStrings": [0, 2, 2, 2, 4, 2]
                }
            }],
            "symbolMonochrome": true,
            "key": "hatchSlashLeftBottom"
        },
        {
            "symbolVectorItemAr": [{
                "s": { "pen": -1, "brush": -1 },
                "g": {
                    "srs": "EPSG:3857",
                    "xyz": [
                        -0.5, 0.5, 0,
                        0.5, -0.5, 0,
                        -0.5, -0.5, 0,
                        -0.5, -0.5, 0,
                        0.5, 0.5, 0,
                        0.5, 0.5, 0
                    ],
                    "lineStrings": [0, 2, 2, 2, 4, 2]
                }
            }],
            "symbolMonochrome": true,
            "key": "hatchSlashLeftTop"
        }]
    },
    {
        "category": "モノクロシンボル",
        "symbollist": [
            {
                "symbolVectorItemAr": [{
                    "s": { "pen": -1, "brush": -1 },
                    "g": {
                        "srs": "EPSG:3857",
                        "xyz": [-0.5, -0.5, 0, -0.5, 0.5, 0, 0.5, 0.5, 0, 0.5, -0.5, 0, -0.5, -0.5, 0],
                        "lineStrings": [0, 5]
                    }
                }],
                "symbolMonochrome": true,
                "key": "monoRectangle"
            },
            {
                "symbolVectorItemAr": [{
                    "s": { "pen": -1, "brush": -1 },
                    "g": {
                        "srs": "EPSG:3857",
                        "xyz":[0.499,0,0,0.491,0.086,0,0.469,0.171,0,0.432,0.25,0,0.382,0.322,0,0.32,0.383,0,0.249,0.433,0,0.17,0.47,0,0.087,0.492,0,0,0.5,0,-0.087,0.492,0,-0.17,0.47,0,-0.249,0.433,0,-0.321,0.383,0,-0.382,0.322,0,-0.432,0.25,0,-0.469,0.171,0,-0.492,0.086,0,-0.499,0,0,-0.492,-0.087,0,-0.469,-0.171,0,-0.432,-0.251,0,-0.382,-0.322,0,-0.321,-0.383,0,-0.249,-0.433,0,-0.17,-0.47,0,-0.087,-0.493,0,0,-0.5,0,0.087,-0.493,0,0.17,-0.47,0,0.249,-0.433,0,0.32,-0.383,0,0.382,-0.322,0,0.432,-0.251,0,0.469,-0.171,0,0.491,-0.087,0,0.499,0,0],
                        "polygons":{"loops":[0,37],"tops":[1]}
                    }
                }],
                "symbolMonochrome": true,
                "key": "monoCircle"
            }
        ]
    },
    {
        "category": "色付きシンボル",
        "symbollist": [
            {
                "symbolVectorItemAr": [{
                    "s": { "pen": -65536, "brush": -65536 },
                    "g": {
                        "srs": "EPSG:3857",
                        "xyz": [-0.5, -0.5, 0, -0.5, 0.5, 0, 0.5, 0.5, 0, 0.5, -0.5, 0, -0.5, -0.5, 0],
                        "lineStrings": [0, 5]
                    }
                }],
                "symbolMonochrome": false,
                "key": "redRectangle"
            },
            {
                "symbolVectorItemAr": [{
                    "s": { "pen": -65536, "brush": -65536 },
                    "g": {
                        "srs": "EPSG:3857",
                        "xyz":[0.499,0,0,0.491,0.086,0,0.469,0.171,0,0.432,0.25,0,0.382,0.322,0,0.32,0.383,0,0.249,0.433,0,0.17,0.47,0,0.087,0.492,0,0,0.5,0,-0.087,0.492,0,-0.17,0.47,0,-0.249,0.433,0,-0.321,0.383,0,-0.382,0.322,0,-0.432,0.25,0,-0.469,0.171,0,-0.492,0.086,0,-0.499,0,0,-0.492,-0.087,0,-0.469,-0.171,0,-0.432,-0.251,0,-0.382,-0.322,0,-0.321,-0.383,0,-0.249,-0.433,0,-0.17,-0.47,0,-0.087,-0.493,0,0,-0.5,0,0.087,-0.493,0,0.17,-0.47,0,0.249,-0.433,0,0.32,-0.383,0,0.382,-0.322,0,0.432,-0.251,0,0.469,-0.171,0,0.491,-0.087,0,0.499,0,0],
                        "polygons":{"loops":[0,37],"tops":[1]}
                    }
                }],
                "symbolMonochrome": false,
                "key": "redCircle"
            }
        ]
    }
]