fsdsp01,\\fsdsp01,D\takatsuki\Data\Mp\map\usrlay
fsdsp02,\\fsdsp02,D\takatsuki\Data\Mp\map\usrlay
fsdsp03,\\fsdsp03,D\takatsuki\Data\Mp\map\usrlay
fsdsp04,\\fsdsp04,D\takatsuki\Data\Mp\map\usrlay
fsdsp05,\\fsdsp05,D\takatsuki\Data\Mp\map\usrlay
fsdsp06,\\fsdsp06,D\takatsuki\Data\Mp\map\usrlay
fsdsp07,\\fsdsp07,D\takatsuki\Data\Mp\map\usrlay
fsdsp08,\\fsdsp08,D\takatsuki\Data\Mp\map\usrlay
fsdsp09,\\fsdsp09,D\takatsuki\Data\Mp\map\usrlay
fsdsp10,\\fsdsp10,D\takatsuki\Data\Mp\map\usrlay
fsdsp11,\\fsdsp11,D\takatsuki\Data\Mp\map\usrlay
fsdsp12,\\fsdsp12,D\takatsuki\Data\Mp\map\usrlay
fsdsp13,\\fsdsp13,D\takatsuki\Data\Mp\map\usrlay
fsdsp14,\\fsdsp14,D\takatsuki\Data\Mp\map\usrlay
fsdsp15,\\fsdsp15,D\takatsuki\Data\Mp\map\usrlay
fsdsp16,\\fsdsp16,D\takatsuki\Data\Mp\map\usrlay
fsdsp17,\\fsdsp17,D\takatsuki\Data\Mp\map\usrlay
fsdsp18,\\fsdsp18,D\takatsuki\Data\Mp\map\usrlay
fsdsp19,\\fsdsp19,D\takatsuki\Data\Mp\map\usrlay
fsdsp20,\\fsdsp20,D\takatsuki\Data\Mp\map\usrlay
fsdat01,\\fsdat01,D\takatsuki\Data\Mp\map\usrlay
fsdat02,\\fsdat02,D\takatsuki\Data\Mp\map\usrlay
FSSHO90,\\FSSHO90,D\takatsuki\Data\Mp\map\usrlay
FSSHO20,\\FSSHO20,D\takatsuki\Data\Mp\map\usrlay
FSSHO21,\\FSSHO21,D\takatsuki\Data\Mp\map\usrlay
FSSHO22,\\FSSHO22,D\takatsuki\Data\Mp\map\usrlay
FSSHO23,\\FSSHO23,D\takatsuki\Data\Mp\map\usrlay
FSSHO24,\\FSSHO24,D\takatsuki\Data\Mp\map\usrlay
FSSHO25,\\FSSHO25,D\takatsuki\Data\Mp\map\usrlay
FSSHO26,\\FSSHO26,D\takatsuki\Data\Mp\map\usrlay
FSSHO27,\\FSSHO27,D\takatsuki\Data\Mp\map\usrlay
FSSHO28,\\FSSHO28,D\takatsuki\Data\Mp\map\usrlay
FSSHO31,\\FSSHO31,D\takatsuki\Data\Mp\map\usrlay