分類,レイヤID,名称,レイヤ種別,線タイプ１,線幅１,線色１,線タイプ２,線幅２,線色２,ポリゴンタイプ,ポリゴン色,文字フォント,文字色,テクスチャ
行政界面,1,都道府県界面,面,1,1,White,1,1,Black,1,Black,ＭＳ Ｐゴシック,Black,
行政界面,2,群市・特別区、町村、指定都市区界面,面,1,1,White,1,1,Black,1,Black,ＭＳ Ｐゴシック,Black,
行政界面,3,大字界面,面,1,1,White,1,1,Black,1,Black,ＭＳ Ｐゴシック,Black,
行政界面,4,字丁目界面,面,1,1,White,1,1,Black,1,Black,ＭＳ Ｐゴシック,Black,
行政界面,5,街区界面,面,1,1,White,1,1,Black,1,Black,ＭＳ Ｐゴシック,Black,
行政界面,6,指定都市区界面,面,1,1,White,1,1,Black,1,Black,ＭＳ Ｐゴシック,Black,
予約レイヤ,7,,面,1,1,Black,1,1,Black,1,Black,ＭＳ Ｐゴシック,Black,
一般面,8,水域面,面,1,1,SkyBlue,1,1,Black,1,SkyBlue,ＭＳ Ｐゴシック,Black,
一般面,9,等高線（面）,面,1,1,Black,1,1,Black,1,Black,ＭＳ Ｐゴシック,Black,
一般面,10,地下街面、施設界面,面,1,1,Black,1,1,Black,1,Black,ＭＳ Ｐゴシック,Black,
一般面,11,敷地界面１,面,1,1,Black,1,1,Black,1,Black,ＭＳ Ｐゴシック,Black,
一般面,12,敷地界面２,面,1,1,Black,1,1,Black,1,Black,ＭＳ Ｐゴシック,Black,
一般面,13,敷地界面３,面,1,1,Black,1,1,Black,1,Black,ＭＳ Ｐゴシック,Black,
一般面,14,敷地界面４,面,1,1,Black,1,1,Black,1,Black,ＭＳ Ｐゴシック,Black,
一般面,15,敷地界面５,面,1,1,Black,1,1,Black,1,Black,ＭＳ Ｐゴシック,Black,
,16,,,1,1,Black,1,1,Black,1,Black,ＭＳ Ｐゴシック,Black,
,17,,,1,1,Black,1,1,Black,1,Black,ＭＳ Ｐゴシック,Black,
水域線,18,海、河川,線,1,1,SkyBlue,1,1,Black,1,Black,ＭＳ Ｐゴシック,Black,
水域線,19,行政海岸線,線,1,1,SkyBlue,1,1,Black,1,Black,ＭＳ Ｐゴシック,Black,
水域線,20,湖、池、プール,線,1,1,SkyBlue,1,1,Black,1,Black,ＭＳ Ｐゴシック,Black,
水域線,21,橋,線,1,1,SkyBlue,1,1,Black,1,Black,ＭＳ Ｐゴシック,Black,
水域線,22,水門,線,1,1,SkyBlue,1,1,Black,1,Black,ＭＳ Ｐゴシック,Black,
水域線,23,細流,,1,1,Black,1,1,Black,1,Black,ＭＳ Ｐゴシック,Black,
,24,,線,1,1,Black,1,1,Black,1,Black,ＭＳ Ｐゴシック,Black,
,25,,線,1,1,Black,1,1,Black,1,Black,ＭＳ Ｐゴシック,Black,
地形線,26,等高線１,線,1,1,Brown,1,1,Black,1,Black,ＭＳ Ｐゴシック,Black,
地形線,27,等高線２,線,1,1,Brown,1,1,Black,1,Black,ＭＳ Ｐゴシック,Black,
地形線,28,耕地、地塁界線,線,1,1,Brown,1,1,Black,1,Black,ＭＳ Ｐゴシック,Black,
地形線,29,地形形状,線,1,1,Brown,1,1,Black,1,Black,ＭＳ Ｐゴシック,Black,
地形線,30,構囲,線,1,1,Brown,1,1,Black,1,Black,ＭＳ Ｐゴシック,Black,
地形線,31,ハッチング,線,1,1,Brown,1,1,Black,1,Black,ＭＳ Ｐゴシック,Black,
地形線,32,側溝,線,1,1,Brown,1,1,Black,1,Black,ＭＳ Ｐゴシック,Black,
,33,,,1,1,Black,1,1,Black,1,Black,ＭＳ Ｐゴシック,Black,
,34,,,1,1,Black,1,1,Black,1,Black,ＭＳ Ｐゴシック,Black,
行政界線,35,都道府県界,線,2,10,Red,1,1,Black,1,Black,ＭＳ Ｐゴシック,Black,
行政界線,36,群市・特別区、町村、指定都市区界,線,2,5,Red,1,1,Black,1,Black,ＭＳ Ｐゴシック,Black,
行政界線,37,大字界,線,2,3,Red,1,1,Black,1,Black,ＭＳ Ｐゴシック,Black,
行政界線,38,字丁目界,線,2,3,Red,1,1,Black,1,Black,ＭＳ Ｐゴシック,Black,
行政界線,39,街区界,線,1,3,Gray,1,1,Black,1,Black,ＭＳ Ｐゴシック,Black,
行政界線,40,指定都市区界,線,1,3,Gray,1,1,Black,1,Black,ＭＳ Ｐゴシック,Black,
,41,,,1,1,Black,1,1,Black,1,Black,ＭＳ Ｐゴシック,Black,
鉄道,42,新幹線,線,3,10,Green,3,8,White,1,Black,ＭＳ Ｐゴシック,Black,
鉄道,43,JR線,線,3,10,Black,3,8,White,1,Black,ＭＳ Ｐゴシック,Black,
鉄道,44,私鉄線,線,1,10,Black,1,1,Black,1,Black,ＭＳ Ｐゴシック,Black,
鉄道,45,特殊軌道,線,1,10,Black,1,1,Black,1,Black,ＭＳ Ｐゴシック,Black,
鉄道,46,索道,線,1,10,Black,1,1,Black,1,Black,ＭＳ Ｐゴシック,Black,
鉄道,47,地下鉄,線,1,5,Black,1,1,Black,1,Black,ＭＳ Ｐゴシック,Black,
鉄道,48,建設中鉄道,線,1,5,Black,1,1,Black,1,Black,ＭＳ Ｐゴシック,Black,
鉄道,49,トンネル,線,1,5,Black,1,1,Black,1,Black,ＭＳ Ｐゴシック,Black,
鉄道,50,駅舎,線,1,5,Black,1,1,Black,1,Black,ＭＳ Ｐゴシック,Black,
鉄道,51,フェリー航路,線,1,5,Black,1,1,Black,1,Black,ＭＳ Ｐゴシック,Black,
,52,,,1,1,Black,1,1,Black,1,Black,ＭＳ Ｐゴシック,Black,
,53,,,1,1,Black,1,1,Black,1,Black,ＭＳ Ｐゴシック,Black,
道路,54,高速道路,線,1,1,Black,1,1,Black,1,Black,ＭＳ Ｐゴシック,Black,
道路,55,有料道路,線,1,1,Black,1,1,Black,1,Black,ＭＳ Ｐゴシック,Black,
道路,56,国道,線,1,1,Black,1,1,Black,1,Black,ＭＳ Ｐゴシック,Black,
道路,57,主要道路、都道府県道,線,1,1,Black,1,1,Black,1,Black,ＭＳ Ｐゴシック,Black,
道路,58,一般道路,線,1,1,Black,1,1,Black,1,Black,ＭＳ Ｐゴシック,Black,
道路,59,細道路,線,1,1,Black,1,1,Black,1,Black,ＭＳ Ｐゴシック,Black,
道路,60,補助道路,線,1,1,Black,1,1,Black,1,Black,ＭＳ Ｐゴシック,Black,
道路,61,建設中道路,線,1,1,Black,1,1,Black,1,Black,ＭＳ Ｐゴシック,Black,
道路,62,陰線道路,線,1,1,Black,1,1,Black,1,Black,ＭＳ Ｐゴシック,Black,
道路,63,トンネル,線,1,1,Black,1,1,Black,1,Black,ＭＳ Ｐゴシック,Black,
道路,64,軽車道,線,1,1,Black,1,1,Black,1,Black,ＭＳ Ｐゴシック,Black,
道路,65,歩道,線,1,1,Black,1,1,Black,1,Black,ＭＳ Ｐゴシック,Black,
道路,66,徒歩道,線,1,1,Black,1,1,Black,1,Black,ＭＳ Ｐゴシック,Black,
道路,67,区境界、分離帯,線,1,1,Black,1,1,Black,1,Black,ＭＳ Ｐゴシック,Black,
道路,68,都市高速、高速道,線,1,1,Black,1,1,Black,1,Black,ＭＳ Ｐゴシック,Black,
,69,,,1,1,Black,1,1,Black,1,Black,ＭＳ Ｐゴシック,Black,
地図形状,70,歩道橋,線,1,1,Black,1,1,Black,1,Black,ＭＳ Ｐゴシック,Black,
地図形状,71,石段,線,1,1,Black,1,1,Black,1,Black,ＭＳ Ｐゴシック,Black,
地図形状,72,地下出入口,線,1,1,Black,1,1,Black,1,Black,ＭＳ Ｐゴシック,Black,
地図形状,73,門、屋門、鳥居,線,1,1,Black,1,1,Black,1,Black,ＭＳ Ｐゴシック,Black,
地図形状,74,送電線、輸送艦,線,1,1,Black,1,1,Black,1,Black,ＭＳ Ｐゴシック,Black,
地図形状,75,高塔,線,1,1,Black,1,1,Black,1,Black,ＭＳ Ｐゴシック,Black,
地図形状,76,文字枠,線,1,1,Black,1,1,Black,1,Black,ＭＳ Ｐゴシック,Black,
地図形状,77,切取り、盛り土,線,1,1,Black,1,1,Black,1,Black,ＭＳ Ｐゴシック,Black,
地図形状,78,坑口,線,1,1,Black,1,1,Black,1,Black,ＭＳ Ｐゴシック,Black,
地図形状,79,壕,線,1,1,Black,1,1,Black,1,Black,ＭＳ Ｐゴシック,Black,
,80,,,1,1,Black,1,1,Black,1,Black,ＭＳ Ｐゴシック,Black,
,81,,,1,1,Black,1,1,Black,1,Black,ＭＳ Ｐゴシック,Black,
家枠形状,82,一般建物面,面,1,1,Black,1,1,Black,1,Green,ＭＳ Ｐゴシック,Black,1
家枠形状,83,目標物面,面,1,1,Black,1,1,Black,1,Gold,ＭＳ Ｐゴシック,Black,2
家枠形状,84,無壁舎面,面,1,1,Black,1,1,Black,1,white,ＭＳ Ｐゴシック,Black,3
家枠形状,85,一般建物残り線画,,1,1,Black,1,1,Black,1,white,ＭＳ Ｐゴシック,Black,
家枠形状,86,目標物残り線画,,1,1,Black,1,1,Black,1,white,ＭＳ Ｐゴシック,Black,
家枠形状,87,無壁舎面残り線画,,1,1,Black,1,1,Black,1,white,ＭＳ Ｐゴシック,Black,
家枠形状,88,一般建物線,,1,1,Black,1,1,Black,1,white,ＭＳ Ｐゴシック,Black,
家枠形状,89,目標物線,,1,1,Black,1,1,Black,1,white,ＭＳ Ｐゴシック,Black,
家枠形状,90,無壁舎線,,1,1,Black,1,1,Black,1,white,ＭＳ Ｐゴシック,Black,
家枠形状,91,陰線家形,,1,1,Black,1,1,Black,1,white,ＭＳ Ｐゴシック,Black,
家枠形状,92,区割り線（面）,,1,1,Black,1,1,Black,1,white,ＭＳ Ｐゴシック,Black,
その他,93,その他,,1,1,Black,1,1,Black,1,white,ＭＳ Ｐゴシック,Black,
その他,94,施設戦,,1,1,Black,1,1,Black,1,white,ＭＳ Ｐゴシック,Black,
,95,,,1,1,Black,1,1,Black,1,white,ＭＳ Ｐゴシック,Black,
行政界名,96,都道府県,,1,1,Black,1,1,Black,1,Black,ＭＳ Ｐゴシック,Red,
行政界名,97,市区町村,,1,1,Black,1,1,Black,1,Black,ＭＳ Ｐゴシック,Red,
行政界名,98,大字,,1,1,Black,1,1,Black,1,Black,ＭＳ Ｐゴシック,Red,
行政界名,99,丁目,,1,1,Black,1,1,Black,1,Black,ＭＳ Ｐゴシック,Red,
行政界名,100,街区,,1,1,Black,1,1,Black,1,Black,ＭＳ Ｐゴシック,Red,
行政界名,101,調整街区,,1,1,Black,1,1,Black,1,Black,ＭＳ Ｐゴシック,Red,
行政界名,102,地番、戸版,,1,1,Black,1,1,Black,1,Black,ＭＳ Ｐゴシック,Red,
行政界名,103,指定都市名称,,1,1,Black,1,1,Black,1,Black,ＭＳ Ｐゴシック,Red,
,104,,,1,1,Black,1,1,Black,1,Black,ＭＳ Ｐゴシック,Black,
文字,105,,,1,1,Black,1,1,Black,1,Black,ＭＳ Ｐゴシック,Black,
文字,106,一般建物名称,,1,1,Black,1,1,Black,1,Black,ＭＳ Ｐゴシック,Black,
文字,107,目標物名称,,1,1,Black,1,1,Black,1,Black,ＭＳ Ｐゴシック,Black,
文字,108,その他の基本属性文字列,,1,1,Black,1,1,Black,1,Black,ＭＳ Ｐゴシック,Black,
文字,109,階数,,1,1,Black,1,1,Black,1,Black,ＭＳ Ｐゴシック,Black,
文字,110,表示文字列１,,1,1,Black,1,1,Black,1,Black,ＭＳ Ｐゴシック,Black,
文字,111,表示文字列２,,1,1,Black,1,1,Black,1,Black,ＭＳ Ｐゴシック,Black,
文字,112,表示文字列３,,1,1,Black,1,1,Black,1,Black,ＭＳ Ｐゴシック,Black,
文字,113,ZMD地図番号,,1,1,Black,1,1,Black,1,Black,ＭＳ Ｐゴシック,Black,
文字,114,メッシュ名称,,1,1,Black,1,1,Black,1,Black,ＭＳ Ｐゴシック,Black,
記号,115,一般非表示文字,,1,1,Black,1,1,Black,1,Black,ＭＳ Ｐゴシック,Black,
記号,116,目標物記号１,,1,1,Black,1,1,Black,1,Black,ＭＳ Ｐゴシック,Black,
記号,117,目標物記号２,,1,1,Black,1,1,Black,1,Black,ＭＳ Ｐゴシック,Black,
記号,118,目標物記号３,,1,1,Black,1,1,Black,1,Black,ＭＳ Ｐゴシック,Black,
記号,119,一般建物記号,,1,1,Black,1,1,Black,1,Black,ＭＳ Ｐゴシック,Black,
記号,120,植生記号,,1,1,Black,1,1,Black,1,Black,ＭＳ Ｐゴシック,Black,
記号,121,小物体,,1,1,Black,1,1,Black,1,Black,ＭＳ Ｐゴシック,Black,
記号,122,交通関連記号,,1,1,Black,1,1,Black,1,Black,ＭＳ Ｐゴシック,Black,
記号,123,施設記号,,1,1,Black,1,1,Black,1,Black,ＭＳ Ｐゴシック,Black,
記号,124,その他の記号,,1,1,Black,1,1,Black,1,Black,ＭＳ Ｐゴシック,Black,
記号,125,別記記号,,1,1,Black,1,1,Black,1,Black,ＭＳ Ｐゴシック,Black,
記号,126,交通関連記号,,1,1,Black,1,1,Black,1,Black,ＭＳ Ｐゴシック,Black,
予約レイヤ,127,,,1,1,Black,1,1,Black,1,Black,ＭＳ Ｐゴシック,Black,
予約レイヤ,128,,,1,1,Black,1,1,Black,1,Black,ＭＳ Ｐゴシック,Black,
